PC1,PC2,doc_id,book,chapter,section
-0.003897705652427256,0.015140986222476257,1 Kings_1,1 Kings,1,1 Kings
-0.0021904035922255412,0.01117913571768757,1 Kings_2,1 Kings,2,1 Kings
-0.0015553630211786527,0.011926930469820985,1 Kings_3,1 Kings,3,1 Kings
-0.0017362532747618393,0.015848941861411066,1 Kings_4,1 Kings,4,1 Kings
0.001983594382637481,0.012142798863128697,1 Kings_5,1 Kings,5,1 Kings
-0.01797178184064209,0.005036653667019475,1 Kings_6,1 Kings,6,1 Kings
-0.01765096398335172,0.006675174666428833,1 Kings_7,1 Kings,7,1 Kings
-0.005378594719890687,0.001346453603196985,1 Kings_8,1 Kings,8,1 Kings
-0.0038245364391383523,0.01107548337062734,1 Kings_9,1 Kings,9,1 Kings
-0.004341272789880675,0.013414690150482295,1 Kings_10,1 Kings,10,1 Kings
5.849692683829822e-4,0.012638873440256488,1 Kings_11,1 Kings,11,1 Kings
-0.004259664903448628,0.007011239566713934,1 Kings_12,1 Kings,12,1 Kings
-0.01355375150387915,0.0053074851074399465,1 Kings_13,1 Kings,13,1 Kings
-0.007300457420668357,0.006172824553893935,1 Kings_14,1 Kings,14,1 Kings
-0.009839485558262154,0.010101493858359865,1 Kings_15,1 Kings,15,1 Kings
-0.006892860884431796,0.005388546462893816,1 Kings_16,1 Kings,16,1 Kings
-0.006773397718201154,0.011384235109506584,1 Kings_17,1 Kings,17,1 Kings
-0.008732575531496032,0.011821984067055133,1 Kings_18,1 Kings,18,1 Kings
-0.004061314637328261,0.015234882951139972,1 Kings_19,1 Kings,19,1 Kings
-0.00872820833151221,0.01513556058413086,1 Kings_20,1 Kings,20,1 Kings
0.0021451396750553162,0.009619270742654269,1 Kings_21,1 Kings,21,1 Kings
-0.00946268417339402,0.010028121265855795,1 Kings_22,1 Kings,22,1 Kings
-0.0015677303815848727,0.010964656862044628,1 Samuel_1,1 Samuel,1,1 Samuel
-5.484597027520977e-4,-9.91858219822145e-4,1 Samuel_2,1 Samuel,2,1 Samuel
-0.002386974223377251,0.007446662149197978,1 Samuel_3,1 Samuel,3,1 Samuel
-0.010928028979013864,0.010752353007460158,1 Samuel_4,1 Samuel,4,1 Samuel
-0.020533321075963996,0.0019605752221512444,1 Samuel_5,1 Samuel,5,1 Samuel
-0.015438579862014317,0.001482843386370816,1 Samuel_6,1 Samuel,6,1 Samuel
-0.016911021646971447,0.009914040149007205,1 Samuel_7,1 Samuel,7,1 Samuel
-0.005856590702329671,0.010104729460565029,1 Samuel_8,1 Samuel,8,1 Samuel
-0.008102328240890994,0.010535651647204587,1 Samuel_9,1 Samuel,9,1 Samuel
-0.006285578542044091,0.009841724205202785,1 Samuel_10,1 Samuel,10,1 Samuel
-0.012285945289968198,0.007992611515359134,1 Samuel_11,1 Samuel,11,1 Samuel
-0.0036279681721633986,0.0053132648900875564,1 Samuel_12,1 Samuel,12,1 Samuel
-0.004480051668015619,0.01399615335613525,1 Samuel_13,1 Samuel,13,1 Samuel
-0.009370586394956455,0.010668064589487209,1 Samuel_14,1 Samuel,14,1 Samuel
-0.007075827713078831,0.008131400790137296,1 Samuel_15,1 Samuel,15,1 Samuel
0.0018730503734883327,0.014310685408236667,1 Samuel_16,1 Samuel,16,1 Samuel
-0.005038236434099397,0.017695944773107833,1 Samuel_17,1 Samuel,17,1 Samuel
0.0014666785716522873,0.022191656570014436,1 Samuel_18,1 Samuel,18,1 Samuel
0.002861822638055987,0.02315994321006949,1 Samuel_19,1 Samuel,19,1 Samuel
0.0020474221382347415,0.009906548791721531,1 Samuel_20,1 Samuel,20,1 Samuel
-0.0025644195246064525,0.015005743329403055,1 Samuel_21,1 Samuel,21,1 Samuel
-0.0026537630359559834,0.014718975896214537,1 Samuel_22,1 Samuel,22,1 Samuel
-5.353612828683532e-4,0.01611713834588642,1 Samuel_23,1 Samuel,23,1 Samuel
0.002748571641658643,0.01415504518136812,1 Samuel_24,1 Samuel,24,1 Samuel
0.0049718444969828746,0.014612052208153193,1 Samuel_25,1 Samuel,25,1 Samuel
-6.377692021503505e-4,0.009283388637111707,1 Samuel_26,1 Samuel,26,1 Samuel
-0.0021720664574489852,0.018734104582413917,1 Samuel_27,1 Samuel,27,1 Samuel
-3.4082615986932114e-4,0.014861473333285309,1 Samuel_28,1 Samuel,28,1 Samuel
-6.778526608000551e-4,0.011342362692277586,1 Samuel_29,1 Samuel,29,1 Samuel
-0.0058000949280175304,0.014335968320782932,1 Samuel_30,1 Samuel,30,1 Samuel
-0.011573527594686139,0.01746759873288066,1 Samuel_31,1 Samuel,31,1 Samuel
-9.43466737543195e-4,0.013769647848097387,2 Kings_1,2 Kings,1,2 Kings
-0.009280845765139743,0.01110518412691297,2 Kings_2,2 Kings,2,2 Kings
-0.011994876131088593,0.010064904712938316,2 Kings_3,2 Kings,3,2 Kings
-0.006804432471353491,0.017299112492454166,2 Kings_4,2 Kings,4,2 Kings
-3.324669744089858e-4,0.017644986028881857,2 Kings_5,2 Kings,5,2 Kings
-0.008377606542017142,0.013497536931793721,2 Kings_6,2 Kings,6,2 Kings
-0.018491491222313135,0.008663851531313676,2 Kings_7,2 Kings,7,2 Kings
-0.004028006355604619,0.015360239938001919,2 Kings_8,2 Kings,8,2 Kings
-0.007419495750836943,0.015729482617066505,2 Kings_9,2 Kings,9,2 Kings
-0.006839202768453301,0.010760183144074457,2 Kings_10,2 Kings,10,2 Kings
-0.024955738597981714,0.00545675809186994,2 Kings_11,2 Kings,11,2 Kings
-0.017111516451508352,0.0021843818481997786,2 Kings_12,2 Kings,12,2 Kings
-0.014748650522473065,0.014267773522644122,2 Kings_13,2 Kings,13,2 Kings
-0.007549488128080389,0.010270831558978294,2 Kings_14,2 Kings,14,2 Kings
-0.011513805379652537,0.010349294239370883,2 Kings_15,2 Kings,15,2 Kings
-0.014682886713781535,0.011820025822863896,2 Kings_16,2 Kings,16,2 Kings
-0.02002864876963236,0.0015485440580393914,2 Kings_17,2 Kings,17,2 Kings
-0.005625580209895556,0.009648675662485357,2 Kings_18,2 Kings,18,2 Kings
-0.00437351247481495,0.007001760640973703,2 Kings_19,2 Kings,19,2 Kings
-0.006782149956115761,0.006535690577883595,2 Kings_20,2 Kings,20,2 Kings
-0.007992562022073341,0.0063553762680555554,2 Kings_21,2 Kings,21,2 Kings
-0.017717830033787855,8.10135794820755e-4,2 Kings_22,2 Kings,22,2 Kings
-0.016797987885283912,0.004883409298478178,2 Kings_23,2 Kings,23,2 Kings
-0.010390832480361755,0.012409715273669962,2 Kings_24,2 Kings,24,2 Kings
-0.022098261701278817,0.0080358197442146,2 Kings_25,2 Kings,25,2 Kings
-9.601972160988405e-4,0.013940339453125745,2 Samuel_1,2 Samuel,1,2 Samuel
-0.005772887167398017,0.014500517135983422,2 Samuel_2,2 Samuel,2,2 Samuel
0.0016208148569425238,0.01609286389532171,2 Samuel_3,2 Samuel,3,2 Samuel
-0.006634098973268348,0.017065080091648976,2 Samuel_4,2 Samuel,4,2 Samuel
-0.007120445998542079,0.015466715342120513,2 Samuel_5,2 Samuel,5,2 Samuel
-0.007565424980446374,0.005130399242726327,2 Samuel_6,2 Samuel,6,2 Samuel
0.008448947231873278,0.004389020758735163,2 Samuel_7,2 Samuel,7,2 Samuel
-0.0025960979493938547,0.021942764791597593,2 Samuel_8,2 Samuel,8,2 Samuel
0.0028585969800716967,0.018286094419697075,2 Samuel_9,2 Samuel,9,2 Samuel
-0.015496607625945406,0.014210787593240824,2 Samuel_10,2 Samuel,10,2 Samuel
-0.00224881113022429,0.02040455006812449,2 Samuel_11,2 Samuel,11,2 Samuel
-0.002080409987694568,0.01368813305333261,2 Samuel_12,2 Samuel,12,2 Samuel
0.0017747929023648138,0.01882300076203678,2 Samuel_13,2 Samuel,13,2 Samuel
-0.0036564322192547596,0.013335895383915407,2 Samuel_14,2 Samuel,14,2 Samuel
-5.210148191616672e-4,0.012566956540235317,2 Samuel_15,2 Samuel,15,2 Samuel
5.620832287851199e-4,0.013576210870235122,2 Samuel_16,2 Samuel,16,2 Samuel
-0.002424901087833564,0.013455122154392585,2 Samuel_17,2 Samuel,17,2 Samuel
-0.005130869304322357,0.017499379203302898,2 Samuel_18,2 Samuel,18,2 Samuel
-1.376118951337861e-4,0.01327228150185849,2 Samuel_19,2 Samuel,19,2 Samuel
-0.006051652068185981,0.01345410029183794,2 Samuel_20,2 Samuel,20,2 Samuel
-0.012106704654548897,0.00948977909453746,2 Samuel_21,2 Samuel,21,2 Samuel
0.004868579015180708,0.0018349011780899537,2 Samuel_22,2 Samuel,22,2 Samuel
-0.010242612094474168,0.003070831032217631,2 Samuel_23,2 Samuel,23,2 Samuel
-0.012197014106632563,0.009639380945489499,2 Samuel_24,2 Samuel,24,2 Samuel
-0.006474467370954668,-0.0041548366831334425,Amos_1,Amos,1,Amos
-0.009137539282867344,-0.0040306975407183405,Amos_2,Amos,2,Amos
-0.007700738002612327,-0.0072105419765147016,Amos_3,Amos,3,Amos
0.00406612982939221,0.003940540469983883,Amos_4,Amos,4,Amos
-4.4362627543157124e-4,-0.004565686808361832,Amos_5,Amos,5,Amos
-0.008894929676971183,-0.004319117248350766,Amos_6,Amos,6,Amos
-0.008929188274247378,1.1307734191208191e-4,Amos_7,Amos,7,Amos
-0.007601231868034752,-0.002213551070044853,Amos_8,Amos,8,Amos
-0.016740330648902468,-0.008833409686183487,Amos_9,Amos,9,Amos
-0.02048365252748869,-0.001503774811574265,Ezekiel_1,Ezekiel,1,Ezekiel
-0.004774035821889554,0.009785831384427436,Ezekiel_2,Ezekiel,2,Ezekiel
5.319370342219341e-4,0.003376728048391954,Ezekiel_3,Ezekiel,3,Ezekiel
0.00222155749667114,0.005575675649285444,Ezekiel_4,Ezekiel,4,Ezekiel
-0.006191983758119969,-0.004969536956651039,Ezekiel_5,Ezekiel,5,Ezekiel
-0.006519254689719365,-0.0048830212124669386,Ezekiel_6,Ezekiel,6,Ezekiel
-0.012840418493416429,-0.012112176970791266,Ezekiel_7,Ezekiel,7,Ezekiel
-0.013885374821835255,0.0013612448047479798,Ezekiel_8,Ezekiel,8,Ezekiel
-0.00989369074516302,0.0070471203255777016,Ezekiel_9,Ezekiel,9,Ezekiel
-0.024698826702565225,0.0012866265380370888,Ezekiel_10,Ezekiel,10,Ezekiel
-0.014042314545110736,-0.005273104803877365,Ezekiel_11,Ezekiel,11,Ezekiel
-0.007283309399155226,-0.006525048426187665,Ezekiel_12,Ezekiel,12,Ezekiel
-0.0035610398856333303,-0.0020546068389085317,Ezekiel_13,Ezekiel,13,Ezekiel
-0.0023761354804335577,-0.0016857294295105445,Ezekiel_14,Ezekiel,14,Ezekiel
-0.005248444021101364,-0.006730849160884451,Ezekiel_15,Ezekiel,15,Ezekiel
0.005863433860118831,0.006846869503349041,Ezekiel_16,Ezekiel,16,Ezekiel
-4.514188470005249e-4,0.0030796273972856646,Ezekiel_17,Ezekiel,17,Ezekiel
0.008102389307300386,-0.0029022139432240634,Ezekiel_18,Ezekiel,18,Ezekiel
-0.0016027116402228584,0.012445699733186643,Ezekiel_19,Ezekiel,19,Ezekiel
-0.009448866422484771,-0.0024069417769070345,Ezekiel_20,Ezekiel,20,Ezekiel
-0.0025297370777725746,-0.003144430032322442,Ezekiel_21,Ezekiel,21,Ezekiel
-0.008294381872030803,-3.8413125542815276e-4,Ezekiel_22,Ezekiel,22,Ezekiel
-0.004872584091322866,0.0032371160194576433,Ezekiel_23,Ezekiel,23,Ezekiel
-0.003651489432496493,-0.003516316342924489,Ezekiel_24,Ezekiel,24,Ezekiel
-0.009065947681822194,-0.0014376181604161297,Ezekiel_25,Ezekiel,25,Ezekiel
-0.0064089266126339,-0.008213561740578006,Ezekiel_26,Ezekiel,26,Ezekiel
-0.00734095310436452,-3.84266097629272e-4,Ezekiel_27,Ezekiel,27,Ezekiel
-0.008183440442565925,-0.0050771441955495275,Ezekiel_28,Ezekiel,28,Ezekiel
-0.009385923923963226,-0.004731527092451204,Ezekiel_29,Ezekiel,29,Ezekiel
-0.011546013321862518,-0.005438355256612684,Ezekiel_30,Ezekiel,30,Ezekiel
-0.006883014050081273,-0.00324437004800719,Ezekiel_31,Ezekiel,31,Ezekiel
-0.01779312658494483,-0.013499755703363911,Ezekiel_32,Ezekiel,32,Ezekiel
-0.002822601465615897,-0.004450442688707575,Ezekiel_33,Ezekiel,33,Ezekiel
-0.013402500686077339,-0.0022436784552432145,Ezekiel_34,Ezekiel,34,Ezekiel
0.002365843249621933,-0.0025519575279220794,Ezekiel_35,Ezekiel,35,Ezekiel
-0.008603923316873095,-0.0017832986843115538,Ezekiel_36,Ezekiel,36,Ezekiel
-0.014391956509267332,9.058119950754887e-4,Ezekiel_37,Ezekiel,37,Ezekiel
-0.00318395138276621,0.0038761806210108624,Ezekiel_38,Ezekiel,38,Ezekiel
-0.015297022176011895,-0.005020237812685832,Ezekiel_39,Ezekiel,39,Ezekiel
-0.023628189799516666,0.007954336917629517,Ezekiel_40,Ezekiel,40,Ezekiel
-0.024113156819013163,0.0041489086735037985,Ezekiel_41,Ezekiel,41,Ezekiel
-0.014670218866113758,-0.00319140448720845,Ezekiel_42,Ezekiel,42,Ezekiel
-0.02094085562409046,-0.0043443785603503255,Ezekiel_43,Ezekiel,43,Ezekiel
-0.012631940043585652,-0.008502375517532256,Ezekiel_44,Ezekiel,44,Ezekiel
-0.012161590372747829,-0.0033593547314208698,Ezekiel_45,Ezekiel,45,Ezekiel
-0.009636912778763187,-0.008599311216022918,Ezekiel_46,Ezekiel,46,Ezekiel
-0.009292521134978995,-0.0021578732440543755,Ezekiel_47,Ezekiel,47,Ezekiel
-0.015966563545494476,0.0029600468224939692,Ezekiel_48,Ezekiel,48,Ezekiel
-0.009728685119726228,0.0013799161102905236,Hosea_1,Hosea,1,Hosea
-0.0018720772030813284,0.006866945094553693,Hosea_2,Hosea,2,Hosea
-0.0015132323184213498,0.007201285514031614,Hosea_3,Hosea,3,Hosea
-0.004449348122565504,-0.005648974946085033,Hosea_4,Hosea,4,Hosea
-0.0011378387963380083,3.503352381174365e-4,Hosea_5,Hosea,5,Hosea
0.0025858158142899757,-5.489344433158708e-4,Hosea_6,Hosea,6,Hosea
-0.007024842544347394,-0.007297248053627311,Hosea_7,Hosea,7,Hosea
-8.73098044994353e-5,-0.005894756279532524,Hosea_8,Hosea,8,Hosea
-0.008573579360015088,-0.01281039633982227,Hosea_9,Hosea,9,Hosea
0.0016350962923796818,-0.007535223934614463,Hosea_10,Hosea,10,Hosea
-0.007359038232124438,-0.006223761911581855,Hosea_11,Hosea,11,Hosea
0.0034970554929434515,0.004403788976448825,Hosea_12,Hosea,12,Hosea
-0.003905285947911645,-0.006253282585252339,Hosea_13,Hosea,13,Hosea
0.0026015720464685646,-0.006803593460689596,Hosea_14,Hosea,14,Hosea
0.003106438672248514,0.0012810684023184188,Isaiah_1,Isaiah,1,Isaiah_1_35
-0.011609682670128397,-0.00649012269357167,Isaiah_2,Isaiah,2,Isaiah_1_35
-0.017052903201426158,-3.6826731671651887e-4,Isaiah_3,Isaiah,3,Isaiah_1_35
-8.192102289908895e-5,-6.492290246360543e-4,Isaiah_4,Isaiah,4,Isaiah_1_35
-0.0041677078422177405,-2.1782755625077838e-4,Isaiah_5,Isaiah,5,Isaiah_1_35
-0.006596604214432157,0.008293523614216845,Isaiah_6,Isaiah,6,Isaiah_1_35
-0.005963675831514412,-7.158340098606797e-4,Isaiah_7,Isaiah,7,Isaiah_1_35
-0.0018464798293099734,0.0029072345091438064,Isaiah_8,Isaiah,8,Isaiah_1_35
-0.00654726642477073,-0.004876243140681534,Isaiah_9,Isaiah,9,Isaiah_1_35
-0.0016634561030132058,-0.0016526987116513145,Isaiah_10,Isaiah,10,Isaiah_1_35
-0.016179415432602397,-0.00916805543054437,Isaiah_11,Isaiah,11,Isaiah_1_35
0.013632817864223873,-0.004341415118780708,Isaiah_12,Isaiah,12,Isaiah_1_35
-0.009326735859294395,-0.009794402744673898,Isaiah_13,Isaiah,13,Isaiah_1_35
-0.004173951941090504,-0.00483663501167343,Isaiah_14,Isaiah,14,Isaiah_1_35
-0.00349360300648514,-0.007276870065067501,Isaiah_15,Isaiah,15,Isaiah_1_35
-0.0013912059017867314,-0.007238046330105693,Isaiah_16,Isaiah,16,Isaiah_1_35
-0.0038573623724391273,-0.007552416715486489,Isaiah_17,Isaiah,17,Isaiah_1_35
-0.00901786185290724,-0.001272435505311945,Isaiah_18,Isaiah,18,Isaiah_1_35
-0.016336689597449498,-0.007135017711005306,Isaiah_19,Isaiah,19,Isaiah_1_35
-0.0021885307437442586,0.010378192024454086,Isaiah_20,Isaiah,20,Isaiah_1_35
6.183739249186545e-4,0.0010030514390414102,Isaiah_21,Isaiah,21,Isaiah_1_35
-0.002059260529179297,9.38719992363373e-4,Isaiah_22,Isaiah,22,Isaiah_1_35
0.0028407947408351456,-0.0018166645537906476,Isaiah_23,Isaiah,23,Isaiah_1_35
-0.012848059666819485,-0.013371470772763449,Isaiah_24,Isaiah,24,Isaiah_1_35
0.0022743126243197193,-0.0074982444062665415,Isaiah_25,Isaiah,25,Isaiah_1_35
0.00240900256000599,-0.010208986068003774,Isaiah_26,Isaiah,26,Isaiah_1_35
-0.0037034895155336274,-0.004348343274427816,Isaiah_27,Isaiah,27,Isaiah_1_35
0.00498919465896998,0.0010648136086201113,Isaiah_28,Isaiah,28,Isaiah_1_35
7.135293761758681e-4,4.207289552439296e-4,Isaiah_29,Isaiah,29,Isaiah_1_35
-0.002124266055850967,-0.004011669385802808,Isaiah_30,Isaiah,30,Isaiah_1_35
-3.752763552477987e-4,-0.004349119298511191,Isaiah_31,Isaiah,31,Isaiah_1_35
0.0011730305061082025,-0.004019095861489422,Isaiah_32,Isaiah,32,Isaiah_1_35
0.005216570469991576,-0.009619703936642137,Isaiah_33,Isaiah,33,Isaiah_1_35
-0.01309611175850387,-0.0067788259629033044,Isaiah_34,Isaiah,34,Isaiah_1_35
-0.010192720765505665,-0.007586169755897224,Isaiah_35,Isaiah,35,Isaiah_1_35
-0.0027343488997477283,0.008852831596736995,Isaiah_36,Isaiah,36,Isaiah_36_39
-0.004594702512091515,0.007095118941893105,Isaiah_37,Isaiah,37,Isaiah_36_39
0.0031680523536372586,-0.0018761878996473697,Isaiah_38,Isaiah,38,Isaiah_36_39
-0.00842639872859729,0.005143264874352978,Isaiah_39,Isaiah,39,Isaiah_36_39
-5.828147798207182e-4,-0.0048559127999798935,Isaiah_40,Isaiah,40,Isaiah_40_55
-0.005957269142491062,-0.002747712520586042,Isaiah_41,Isaiah,41,Isaiah_40_55
6.300780543346504e-4,-0.002264563071793545,Isaiah_42,Isaiah,42,Isaiah_40_55
0.0034262464114742258,-0.002281421407016298,Isaiah_43,Isaiah,43,Isaiah_40_55
0.002666787174607581,-9.50320387712789e-4,Isaiah_44,Isaiah,44,Isaiah_40_55
7.363171197036963e-4,-0.004864245556818484,Isaiah_45,Isaiah,45,Isaiah_40_55
0.006890963684952642,0.005382183078659688,Isaiah_46,Isaiah,46,Isaiah_40_55
0.007157975135630958,-0.004531672848628756,Isaiah_47,Isaiah,47,Isaiah_40_55
8.039063379093103e-4,0.00182895240768552,Isaiah_48,Isaiah,48,Isaiah_40_55
-0.00283514469520289,-0.004490436857612696,Isaiah_49,Isaiah,49,Isaiah_40_55
0.009419419426283044,-0.004462020589183212,Isaiah_50,Isaiah,50,Isaiah_40_55
-0.0016551311527985403,-0.0035933592885277954,Isaiah_51,Isaiah,51,Isaiah_40_55
0.0037896775931280666,-0.009903082689233208,Isaiah_52,Isaiah,52,Isaiah_40_55
0.012201862529699284,0.005296362961477358,Isaiah_53,Isaiah,53,Isaiah_40_55
0.004296804691284677,-0.006596817017607407,Isaiah_54,Isaiah,54,Isaiah_40_55
0.009493314525770211,0.0014761426126924883,Isaiah_55,Isaiah,55,Isaiah_40_55
0.0036716868160295703,-0.0015284811977587809,Isaiah_56,Isaiah,56,Isaiah_56_66
0.007400369311835978,0.003950040527414479,Isaiah_57,Isaiah,57,Isaiah_56_66
0.0034211917974875717,1.4154517392163857e-4,Isaiah_58,Isaiah,58,Isaiah_56_66
0.005869392352145121,0.0013524491246677671,Isaiah_59,Isaiah,59,Isaiah_56_66
-0.006305019101455211,-0.012695674610428418,Isaiah_60,Isaiah,60,Isaiah_56_66
-0.0062160149559497635,-0.0121788030954864,Isaiah_61,Isaiah,61,Isaiah_56_66
-4.436054000673305e-4,-0.00707972497100049,Isaiah_62,Isaiah,62,Isaiah_56_66
0.0033972601862111117,0.002032047712485265,Isaiah_63,Isaiah,63,Isaiah_56_66
0.017095099697773217,0.001148030716567522,Isaiah_64,Isaiah,64,Isaiah_56_66
0.005213527986037086,-0.004630366520651281,Isaiah_65,Isaiah,65,Isaiah_56_66
0.002439616794972258,-0.00358089428689953,Isaiah_66,Isaiah,66,Isaiah_56_66
-0.016629234150525307,-0.003274816136779499,Jeremiah_1,Jeremiah,1,Jeremiah
0.0038417807729109062,0.0024073031602586076,Jeremiah_2,Jeremiah,2,Jeremiah
-0.001356319027544139,0.0015161528664345736,Jeremiah_3,Jeremiah,3,Jeremiah
0.005056668477329825,0.002050200697492931,Jeremiah_4,Jeremiah,4,Jeremiah
-0.005353284525571217,-0.005861803628588719,Jeremiah_5,Jeremiah,5,Jeremiah
-0.0048697053184554645,-0.005472648766707147,Jeremiah_6,Jeremiah,6,Jeremiah
-0.008425458237203491,-0.001867676247805702,Jeremiah_7,Jeremiah,7,Jeremiah
-0.014394278070297032,-0.006921337442180983,Jeremiah_8,Jeremiah,8,Jeremiah
-0.0032912204048399876,-0.004083001326224885,Jeremiah_9,Jeremiah,9,Jeremiah
-0.005256026226176725,-0.005136831193493959,Jeremiah_10,Jeremiah,10,Jeremiah
-0.011121564048123608,-0.0038504528565161287,Jeremiah_11,Jeremiah,11,Jeremiah
-0.004498746920757833,-0.005934472791455941,Jeremiah_12,Jeremiah,12,Jeremiah
-0.002302316633050148,-0.0022126599740439515,Jeremiah_13,Jeremiah,13,Jeremiah
-0.00926228216170916,-0.0032250851846722032,Jeremiah_14,Jeremiah,14,Jeremiah
-0.003177593064479387,-0.0016155011278802304,Jeremiah_15,Jeremiah,15,Jeremiah
-0.013902274364023625,-0.007565711973787168,Jeremiah_16,Jeremiah,16,Jeremiah
-0.005092375313439578,-0.0034868856629414816,Jeremiah_17,Jeremiah,17,Jeremiah
-0.0033546687542460357,1.1050259773102267e-4,Jeremiah_18,Jeremiah,18,Jeremiah
-0.015194580292009983,-0.005185294355713118,Jeremiah_19,Jeremiah,19,Jeremiah
-0.0016748025510400124,4.890013527708786e-5,Jeremiah_20,Jeremiah,20,Jeremiah
-0.005019703304366046,-3.9343978925076466e-4,Jeremiah_21,Jeremiah,21,Jeremiah
-1.2877982455987842e-4,0.0011319770898622758,Jeremiah_22,Jeremiah,22,Jeremiah
-0.009379386595991144,-0.008155965327975079,Jeremiah_23,Jeremiah,23,Jeremiah
-0.015086408288952866,1.819226771017831e-4,Jeremiah_24,Jeremiah,24,Jeremiah
-0.014893467860851597,-3.5418386197761076e-4,Jeremiah_25,Jeremiah,25,Jeremiah
-0.01173357077548027,-1.626633022160554e-4,Jeremiah_26,Jeremiah,26,Jeremiah
-0.011935951779868807,0.002769511925650075,Jeremiah_27,Jeremiah,27,Jeremiah
-0.012191223119290556,-0.006870666368456595,Jeremiah_28,Jeremiah,28,Jeremiah
-0.005317312154240724,7.024653270718637e-4,Jeremiah_29,Jeremiah,29,Jeremiah
-0.003250837531269124,-0.007610770030780206,Jeremiah_30,Jeremiah,30,Jeremiah
-0.006797758364359763,-0.006923636240905009,Jeremiah_31,Jeremiah,31,Jeremiah
-0.010415520741431037,0.0027999852109962453,Jeremiah_32,Jeremiah,32,Jeremiah
-0.009750318414027395,-0.00292774695611013,Jeremiah_33,Jeremiah,33,Jeremiah
-0.010961014973723844,0.003199496640140706,Jeremiah_34,Jeremiah,34,Jeremiah
-0.0099083020006214,0.0031158949415411885,Jeremiah_35,Jeremiah,35,Jeremiah
-0.0180735934396798,-0.0013323078326259819,Jeremiah_36,Jeremiah,36,Jeremiah
-0.007885203549546067,0.004823884710619777,Jeremiah_37,Jeremiah,37,Jeremiah
-0.011359913704706702,0.0016187645108474604,Jeremiah_38,Jeremiah,38,Jeremiah
-0.012242328546011469,0.003287137235397194,Jeremiah_39,Jeremiah,39,Jeremiah
-0.007432970916662305,0.009501963840353417,Jeremiah_40,Jeremiah,40,Jeremiah
-0.013162072666084898,0.007246955745874933,Jeremiah_41,Jeremiah,41,Jeremiah
-0.004912580949821638,-0.002968420446696812,Jeremiah_42,Jeremiah,42,Jeremiah
-0.015903872762231135,-3.260243511420419e-4,Jeremiah_43,Jeremiah,43,Jeremiah
-0.006045483613871111,0.003820938397479696,Jeremiah_44,Jeremiah,44,Jeremiah
0.0036245453407209595,6.941506597094955e-4,Jeremiah_45,Jeremiah,45,Jeremiah
-0.004755967729264485,6.816653498513534e-4,Jeremiah_46,Jeremiah,46,Jeremiah
-0.009195538489632058,-0.006166398111204691,Jeremiah_47,Jeremiah,47,Jeremiah
0.005174362866427709,-4.0926518298196083e-05,Jeremiah_48,Jeremiah,48,Jeremiah
-0.003128422597556111,-0.004320419049007628,Jeremiah_49,Jeremiah,49,Jeremiah
-0.0072939167132505325,-0.0043601293654905665,Jeremiah_50,Jeremiah,50,Jeremiah
-0.0012286964610831123,-8.885748035258822e-4,Jeremiah_51,Jeremiah,51,Jeremiah
-0.017020178957415238,0.008326622039635545,Jeremiah_52,Jeremiah,52,Jeremiah
-0.011313701954704878,0.013640457608149175,Job_1,Job,1,Job
0.0024400470967236056,0.011412326979537802,Job_2,Job,2,Job
0.004234612903254284,0.0033513638936286507,Job_3,Job,3,Job
0.005388605507854128,0.003294893023546639,Job_4,Job,4,Job
0.0016797012416436886,-0.003987221205761804,Job_5,Job,5,Job
0.009684131586585553,0.003409321218065218,Job_6,Job,6,Job
0.020378381466518772,0.006685442629185444,Job_7,Job,7,Job
0.00669881673896069,-0.0021342640895915207,Job_8,Job,8,Job
0.014670773197205077,0.00662482415242321,Job_9,Job,9,Job
0.0203155584775128,0.010647459335002373,Job_10,Job,10,Job
0.01248807883552694,0.0013404594542805238,Job_11,Job,11,Job
-0.002778932824046898,8.80724435167073e-4,Job_12,Job,12,Job
0.023911063475292507,0.01175163690934991,Job_13,Job,13,Job
0.011040583947146593,0.005922145407052971,Job_14,Job,14,Job
0.013296512234196655,0.0034812219285454155,Job_15,Job,15,Job
0.020362135735535268,0.006639092084897715,Job_16,Job,16,Job
0.010865667056314286,-5.409899501828841e-5,Job_17,Job,17,Job
0.010080938283262671,-0.004119888673934169,Job_18,Job,18,Job
0.0161249945322333,0.010957307178581325,Job_19,Job,19,Job
0.01072379136089676,-0.0035776740683897772,Job_20,Job,20,Job
0.0020853019406055,-6.260116822337905e-4,Job_21,Job,21,Job
0.003977538246706829,9.1868117411731e-4,Job_22,Job,22,Job
0.015186689196074488,0.0070720220133759235,Job_23,Job,23,Job
-0.012742077484993043,-0.01035405155375225,Job_24,Job,24,Job
0.010165687886576765,0.014052516797147653,Job_25,Job,25,Job
0.008938457873867073,0.008695709068802836,Job_26,Job,26,Job
0.015509630087939794,6.141890006341204e-4,Job_27,Job,27,Job
-0.004963870776562523,-0.003144300225723417,Job_28,Job,28,Job
-0.006494653298952375,0.00870320759186665,Job_29,Job,29,Job
0.0022630190467925323,0.004239355151942036,Job_30,Job,30,Job
0.01310214033629102,0.00765913020495325,Job_31,Job,31,Job
0.012750909183524846,0.010095400235088932,Job_32,Job,32,Job
0.015362396481196765,0.004126055589470341,Job_33,Job,33,Job
0.0150040386213489,0.003587697108840455,Job_34,Job,34,Job
0.014781207073950971,0.0023805507323887997,Job_35,Job,35,Job
0.0034037767866697765,-0.0029309927544085763,Job_36,Job,36,Job
0.007453576278842984,0.0014868033438609051,Job_37,Job,37,Job
-0.003447581717634927,0.0014437253030382996,Job_38,Job,38,Job
-0.0030606983048511406,-0.001996532347384535,Job_39,Job,39,Job
0.009041234461634745,0.0010343621360286018,Job_40,Job,40,Job
0.015491110296462881,0.001045672139441656,Job_41,Job,41,Job
5.937903339200019e-4,0.009740828567110204,Job_42,Job,42,Job
0.0025145065553176986,-0.002128414468609199,Proverbs_1,Proverbs,1,Proverbs
0.003326018323879343,-5.306382758467047e-4,Proverbs_2,Proverbs,2,Proverbs
0.005233911469101991,-0.0018806162803960583,Proverbs_3,Proverbs,3,Proverbs
0.004233937079626136,7.751801941201827e-4,Proverbs_4,Proverbs,4,Proverbs
0.010388578762723808,0.007013762694605993,Proverbs_5,Proverbs,5,Proverbs
0.015926392314153052,0.003245924266896057,Proverbs_6,Proverbs,6,Proverbs
0.010560340761018135,0.009747594966218541,Proverbs_7,Proverbs,7,Proverbs
0.004473078356445727,0.0015448071283426065,Proverbs_8,Proverbs,8,Proverbs
0.011880501512487558,0.0026551404768955247,Proverbs_9,Proverbs,9,Proverbs
0.0033536788265558803,-0.017544785646988498,Proverbs_10,Proverbs,10,Proverbs
0.01230289224765644,-0.01267743575952996,Proverbs_11,Proverbs,11,Proverbs
0.010044928640286246,-0.011629828260696926,Proverbs_12,Proverbs,12,Proverbs
0.015084110364379075,-0.011996911380315434,Proverbs_13,Proverbs,13,Proverbs
0.007911300076270394,-0.009298383080889226,Proverbs_14,Proverbs,14,Proverbs
0.0023716694773941323,-0.014882003302064104,Proverbs_15,Proverbs,15,Proverbs
0.009418096465438557,-0.005505196294297626,Proverbs_16,Proverbs,16,Proverbs
0.01815645607859378,-3.547831068357529e-4,Proverbs_17,Proverbs,17,Proverbs
0.0104085441474245,6.063259803191109e-4,Proverbs_18,Proverbs,18,Proverbs
0.015753650964862042,1.9023949737136838e-4,Proverbs_19,Proverbs,19,Proverbs
0.010157804149866329,2.6353555460861204e-4,Proverbs_20,Proverbs,20,Proverbs
0.005025148473449685,-0.007834977108227375,Proverbs_21,Proverbs,21,Proverbs
0.0014275957120351416,-0.005719331684800044,Proverbs_22,Proverbs,22,Proverbs
0.014181750321026105,-6.659305911556913e-4,Proverbs_23,Proverbs,23,Proverbs
0.010610394908558418,0.0011409191730780879,Proverbs_24,Proverbs,24,Proverbs
0.012158513868688456,0.004097694590071293,Proverbs_25,Proverbs,25,Proverbs
0.016489447154971373,6.132761523608224e-4,Proverbs_26,Proverbs,26,Proverbs
0.013583700760528896,0.005252307060390572,Proverbs_27,Proverbs,27,Proverbs
0.01848218346849404,-0.011314976116246763,Proverbs_28,Proverbs,28,Proverbs
0.014730612511395425,-0.007384992698874766,Proverbs_29,Proverbs,29,Proverbs
0.0013827290972786143,0.0013200097871584496,Proverbs_30,Proverbs,30,Proverbs
0.010652824887992384,0.007199077788330301,Proverbs_31,Proverbs,31,Proverbs
-0.00574107847022505,-0.01789090558376714,Psalms_1,Psalms,1,Psalms
-0.0047778401359202935,-0.01021907768333572,Psalms_2,Psalms,2,Psalms
0.012911599089244214,-0.004046724733668583,Psalms_3,Psalms,3,Psalms
0.018412145721976452,0.002521292304508548,Psalms_4,Psalms,4,Psalms
0.009111145559947279,-0.009829102726307052,Psalms_5,Psalms,5,Psalms
0.0193967713447578,-0.006868643449349305,Psalms_6,Psalms,6,Psalms
0.011418992272955987,-0.0020249832629268684,Psalms_7,Psalms,7,Psalms
0.0016066760338446899,0.0020071011540502342,Psalms_8,Psalms,8,Psalms
0.007273808145484507,-0.011416143445410596,Psalms_9,Psalms,9,Psalms
0.01094378519085989,-0.004121088918740327,Psalms_10,Psalms,10,Psalms
5.682612663988748e-4,-0.01605054714316988,Psalms_11,Psalms,11,Psalms
0.007834124397455917,-0.012988741367725773,Psalms_12,Psalms,12,Psalms
0.032739532352629594,0.0017136770321952877,Psalms_13,Psalms,13,Psalms
-0.0063576351545908795,-0.012763110719784447,Psalms_14,Psalms,14,Psalms
0.021849867204599017,-0.015201464137661977,Psalms_15,Psalms,15,Psalms
0.01240787299184417,-0.004843773534345249,Psalms_16,Psalms,16,Psalms
0.012625580893066759,-0.0026879384651852553,Psalms_17,Psalms,17,Psalms
0.009502228526001636,8.358596040202851e-4,Psalms_18,Psalms,18,Psalms
-0.0051672401398843194,-0.0071674660467804276,Psalms_19,Psalms,19,Psalms
-0.001649460911733257,-0.004937104350986129,Psalms_20,Psalms,20,Psalms
0.010473365451865217,-0.006202766530252031,Psalms_21,Psalms,21,Psalms
0.002854088101088791,-0.006856155820216885,Psalms_22,Psalms,22,Psalms
0.01559095578889666,-0.009348516204146118,Psalms_23,Psalms,23,Psalms
-0.004166231669687174,-0.00606997689680522,Psalms_24,Psalms,24,Psalms
0.010866953911671133,-0.0027814130993916992,Psalms_25,Psalms,25,Psalms
0.013810810693424656,0.004959686768129763,Psalms_26,Psalms,26,Psalms
0.009716185236052912,-0.005670889202931601,Psalms_27,Psalms,27,Psalms
-0.005888684976703827,-0.007585713395105659,Psalms_28,Psalms,28,Psalms
-0.01787556868926116,-0.03515525094297235,Psalms_29,Psalms,29,Psalms
0.018043163054909255,4.794279019540909e-4,Psalms_30,Psalms,30,Psalms
0.016501473361700103,-5.682124914519284e-4,Psalms_31,Psalms,31,Psalms
0.01290949839666767,-0.002592546571337376,Psalms_32,Psalms,32,Psalms
-0.004143369257716235,-0.01655808441900063,Psalms_33,Psalms,33,Psalms
-0.005695061459741879,-0.013159006684605937,Psalms_34,Psalms,34,Psalms
0.007642821435812884,-0.0020198705264583153,Psalms_35,Psalms,35,Psalms
0.008963711088322572,-0.003922080000137445,Psalms_36,Psalms,36,Psalms
-2.043454534642543e-4,-0.012441702736827822,Psalms_37,Psalms,37,Psalms
0.01720789451120363,0.0052638746197146416,Psalms_38,Psalms,38,Psalms
0.02048582949520245,0.007046633170379931,Psalms_39,Psalms,39,Psalms
0.016716622051952325,0.0032500360126515027,Psalms_40,Psalms,40,Psalms
0.02010662413422384,0.0014263110904660778,Psalms_41,Psalms,41,Psalms
0.014545407948218982,-2.191686625660882e-4,Psalms_42,Psalms,42,Psalms
0.014325965113949192,0.005615382364939026,Psalms_43,Psalms,43,Psalms
0.011035830028518613,0.00274738007485114,Psalms_44,Psalms,44,Psalms
0.007494625256120052,-6.526591107781108e-4,Psalms_45,Psalms,45,Psalms
-0.01105019231157036,-0.01182601211346382,Psalms_46,Psalms,46,Psalms
-0.0010092036787299919,-0.014748479444686952,Psalms_47,Psalms,47,Psalms
0.0013382628625521144,-0.0030841905067777596,Psalms_48,Psalms,48,Psalms
0.0012613528426478901,-0.007268319389604907,Psalms_49,Psalms,49,Psalms
0.009558134658682585,0.002415367332696155,Psalms_50,Psalms,50,Psalms
0.021979212967690703,0.006905394854188296,Psalms_51,Psalms,51,Psalms
0.016153977287944,-0.0018695604829629057,Psalms_52,Psalms,52,Psalms
0.004097038146481034,-0.003475819410817122,Psalms_53,Psalms,53,Psalms
0.022113913213538856,-0.0012987661331467304,Psalms_54,Psalms,54,Psalms
0.006626147046775324,0.0031460540436060794,Psalms_55,Psalms,55,Psalms
0.016690500162280984,-0.00538784497933339,Psalms_56,Psalms,56,Psalms
0.012874323217982259,-0.0027210721978663983,Psalms_57,Psalms,57,Psalms
0.005367741409571354,-0.01152423317226329,Psalms_58,Psalms,58,Psalms
-2.461360977152197e-4,-0.0024302468341380647,Psalms_59,Psalms,59,Psalms
0.02327811864857143,0.005687496442384177,Psalms_60,Psalms,60,Psalms
0.022617074134778686,0.0014144895254501544,Psalms_61,Psalms,61,Psalms
0.02345552188666139,0.0013573600158970005,Psalms_62,Psalms,62,Psalms
0.010517690647838385,-0.012829557538634042,Psalms_63,Psalms,63,Psalms
-0.005597556481501652,-0.01651771573333576,Psalms_64,Psalms,64,Psalms
9.84206920389052e-4,-0.006540529003973534,Psalms_65,Psalms,65,Psalms
0.01575289445523154,0.0035723025147242063,Psalms_66,Psalms,66,Psalms
0.005527991533027867,-0.01595796850928562,Psalms_67,Psalms,67,Psalms
0.006480459038881035,-0.0028078331986028196,Psalms_68,Psalms,68,Psalms
0.008526547273383056,0.002605908715676739,Psalms_69,Psalms,69,Psalms
0.017310819637121232,0.006268365622742249,Psalms_70,Psalms,70,Psalms
0.017170927403429584,0.002193091431949628,Psalms_71,Psalms,71,Psalms
-7.603130578887373e-4,-0.011557240467544225,Psalms_72,Psalms,72,Psalms
0.005505608724575881,-0.0012168237527361645,Psalms_73,Psalms,73,Psalms
0.0033792365298328728,-0.0035281967208833703,Psalms_74,Psalms,74,Psalms
-0.005608956339717998,-0.010055652565806669,Psalms_75,Psalms,75,Psalms
8.790964736582105e-4,0.00228303327101844,Psalms_76,Psalms,76,Psalms
0.008224443116847785,0.004913036768932589,Psalms_77,Psalms,77,Psalms
-0.007010109732964491,0.004163630264505743,Psalms_78,Psalms,78,Psalms
0.004728374682585452,-0.0035433293896577913,Psalms_79,Psalms,79,Psalms
0.006119348707147907,0.009622708343445583,Psalms_80,Psalms,80,Psalms
-0.0027185928621987596,0.0022506696025903915,Psalms_81,Psalms,81,Psalms
-0.01286452302446764,-0.006584480384764097,Psalms_82,Psalms,82,Psalms
-1.4632069441066606e-4,8.320829930243879e-4,Psalms_83,Psalms,83,Psalms
0.005238158586804296,-0.007990609336614933,Psalms_84,Psalms,84,Psalms
0.019484795476843945,4.248393605467617e-4,Psalms_85,Psalms,85,Psalms
0.015950604904305877,0.002408846819986732,Psalms_86,Psalms,86,Psalms
-0.0030669918286016294,-0.006805998619857562,Psalms_87,Psalms,87,Psalms
0.015549570602796324,0.0014144257469045078,Psalms_88,Psalms,88,Psalms
0.012249799116032812,1.0296564874828551e-4,Psalms_89,Psalms,89,Psalms
0.01325101298364742,0.007026885543453444,Psalms_90,Psalms,90,Psalms
0.010161934839436742,-0.008575384715286174,Psalms_91,Psalms,91,Psalms
0.01163567969849976,-0.008252073990142064,Psalms_92,Psalms,92,Psalms
0.00406811424103892,-0.012872355545749668,Psalms_93,Psalms,93,Psalms
5.974659502536163e-4,-0.013924763960156029,Psalms_94,Psalms,94,Psalms
0.004657840360117175,0.004416943226791842,Psalms_95,Psalms,95,Psalms
-0.005985739312702184,-0.018052407204105177,Psalms_96,Psalms,96,Psalms
7.954762760795519e-4,-0.009856896236968778,Psalms_97,Psalms,97,Psalms
-0.01222095050919439,-0.010196433140095435,Psalms_98,Psalms,98,Psalms
-0.0011640736105039452,-0.006903544332067492,Psalms_99,Psalms,99,Psalms
0.016491140639074187,-0.001301754290708503,Psalms_100,Psalms,100,Psalms
0.019932842698321736,-0.006145715220103507,Psalms_101,Psalms,101,Psalms
0.0027035470037800923,-0.005045194038060758,Psalms_102,Psalms,102,Psalms
0.014426616317873113,-0.005192714202100366,Psalms_103,Psalms,103,Psalms
-0.00357605576803373,-0.011125532597549517,Psalms_104,Psalms,104,Psalms
-0.005391530517020414,0.006146908252672259,Psalms_105,Psalms,105,Psalms
-0.01076006066891641,-0.003104687310892688,Psalms_106,Psalms,106,Psalms
-0.010583608122524693,-0.0056479962137933075,Psalms_107,Psalms,107,Psalms
0.02144993167368531,0.0032695819260578694,Psalms_108,Psalms,108,Psalms
0.008233036220979673,5.176606066072146e-4,Psalms_109,Psalms,109,Psalms
-0.003778716708586614,-0.01921830112285085,Psalms_110,Psalms,110,Psalms
0.002844182103949355,-0.0045471220365559985,Psalms_111,Psalms,111,Psalms
0.018370758073268496,-0.011481155255137772,Psalms_112,Psalms,112,Psalms
-0.009090795442860235,-0.023420986380607214,Psalms_113,Psalms,113,Psalms
0.0042686437576462495,0.007776160032907574,Psalms_114,Psalms,114,Psalms
-0.011622618950210046,-0.018521875555374358,Psalms_115,Psalms,115,Psalms
-0.00231217447184785,-0.011819829228980767,Psalms_116,Psalms,116,Psalms
0.009362286237776503,-0.03566774730852243,Psalms_117,Psalms,117,Psalms
-0.0014179107090052567,-0.019878702241245175,Psalms_118,Psalms,118,Psalms
0.023069658822057644,0.004849952109510319,Psalms_119,Psalms,119,Psalms
0.019056501369106926,-0.0028338813042794917,Psalms_120,Psalms,120,Psalms
0.010873404033801007,-0.020195965924682105,Psalms_121,Psalms,121,Psalms
-0.006585121985507983,-0.012826800619661502,Psalms_122,Psalms,122,Psalms
0.0011800384217374627,1.5091371936667433e-4,Psalms_123,Psalms,123,Psalms
-0.006302529585604429,-0.010109621650903013,Psalms_124,Psalms,124,Psalms
-0.0015721513108960014,-0.019163295937358615,Psalms_125,Psalms,125,Psalms
0.0020860410146007926,-0.01071689666713267,Psalms_126,Psalms,126,Psalms
-0.00896291351735483,-0.01621139641113008,Psalms_127,Psalms,127,Psalms
0.009377162387588478,-0.01765987472529664,Psalms_128,Psalms,128,Psalms
-0.0038302230945651025,-0.015023371543147169,Psalms_129,Psalms,129,Psalms
0.006670741936116325,-0.013225185682962704,Psalms_130,Psalms,130,Psalms
0.02150811257473389,0.005999995259136389,Psalms_131,Psalms,131,Psalms
0.016164174897280385,-5.243285819389205e-4,Psalms_132,Psalms,132,Psalms
-0.0033552387974843494,-6.074800271790621e-4,Psalms_133,Psalms,133,Psalms
-0.026975262185770864,-0.026785297161036194,Psalms_134,Psalms,134,Psalms
-0.00488710351974912,-0.015281383804205852,Psalms_135,Psalms,135,Psalms
0.033587968616296156,-0.0021287003300391304,Psalms_136,Psalms,136,Psalms
0.004050754452008259,-0.002555441324238433,Psalms_137,Psalms,137,Psalms
0.007975027180677084,-0.014488148874678577,Psalms_138,Psalms,138,Psalms
0.00918659084050318,0.0021583116956811702,Psalms_139,Psalms,139,Psalms
-0.0046973198093068075,-0.012917599036456172,Psalms_140,Psalms,140,Psalms
0.0070994497368668886,-0.005291889849555916,Psalms_141,Psalms,141,Psalms
0.01766757821742132,9.517373088490154e-4,Psalms_142,Psalms,142,Psalms
0.02069232407929877,0.004069479012313598,Psalms_143,Psalms,143,Psalms
0.015669786702698536,0.009513218817388399,Psalms_144,Psalms,144,Psalms
0.00568566494021242,-0.009194817914510194,Psalms_145,Psalms,145,Psalms
0.0015959242030798208,-0.026057785986353273,Psalms_146,Psalms,146,Psalms
0.005573498576983609,-0.01127353656479121,Psalms_147,Psalms,147,Psalms
0.003468266496703865,-0.006800411788943617,Psalms_148,Psalms,148,Psalms
-0.00777925958009276,-0.009713874046622849,Psalms_149,Psalms,149,Psalms
0.013309339112054641,-0.014200492309452384,Psalms_150,Psalms,150,Psalms
