pc,dimension,eigenvalue,prop_variance,pct_variance,cumulative_prop_variance,cumulative_pct_variance
PC1,1,377.68604679946543,0.4617188836179284,46.17188836179284,0.4617188836179284,46.17188836179284
PC2,2,259.147826444688,0.3168066337954621,31.68066337954621,0.7785255174133905,77.85255174133906
PC3,3,60.31603156132422,0.07373597990381935,7.373597990381935,0.8522614973172098,85.22614973172098
PC4,4,28.23425624521357,0.03451620567874519,3.4516205678745195,0.886777702995955,88.67777029959551
PC5,5,21.761683855737218,0.02660352549601127,2.660352549601127,0.9133812284919663,91.33812284919664
PC6,6,11.919910374868275,0.0145720175731886,1.45720175731886,0.927953246065155,92.79532460651549
PC7,7,8.688787339035656,0.01062198941202403,1.0621989412024029,0.9385752354771789,93.85752354771789
PC8,8,8.314557685125544,0.01016449594758624,1.016449594758624,0.9487397314247652,94.87397314247652
PC9,9,5.7635648721650075,0.007045922826607588,0.7045922826607589,0.9557856542513727,95.57856542513727
PC10,10,5.649887155002943,0.0069069525122285366,0.6906952512228536,0.9626926067636012,96.26926067636012
PC11,11,4.766455180411294,0.0058269623232411905,0.582696232324119,0.9685195690868424,96.85195690868424
PC12,12,3.083085329292063,0.0037690529697946983,0.37690529697946984,0.9722886220566371,97.22886220566372
PC13,13,2.2789662171473593,0.0027860222703512947,0.2786022270351295,0.9750746443269884,97.50746443269884
PC14,14,2.157936624662777,0.002638064333328578,0.2638064333328578,0.977712708660317,97.7712708660317
PC15,15,1.7698763382989815,0.0021636630052554785,0.21636630052554787,0.9798763716655725,97.98763716655725
PC16,16,1.556748601744104,0.0019031156500539167,0.19031156500539168,0.9817794873156265,98.17794873156265
PC17,17,1.5384624655797388,0.0018807609603664287,0.18807609603664288,0.9836602482759929,98.36602482759929
PC18,18,1.3645704984432456,0.0016681790934514006,0.16681790934514004,0.9853284273694443,98.53284273694443
PC19,19,1.138038205226418,0.0013912447496655476,0.13912447496655478,0.9867196721191098,98.67196721191098
PC20,20,1.0694473183663316,0.0013073928097387915,0.13073928097387916,0.9880270649288486,98.80270649288487
PC21,21,0.9789720745218655,0.0011967873771660947,0.11967873771660947,0.9892238523060147,98.92238523060148
PC22,22,0.8117849426690055,9.924021304022071e-4,0.09924021304022071,0.9902162544364169,99.0216254436417
PC23,23,0.73608262309744,8.998565074540831e-4,0.0899856507454083,0.991116110943871,99.1116110943871
PC24,24,0.56595397545334,6.918752756153301e-4,0.06918752756153301,0.9918079862194863,99.18079862194863
PC25,25,0.5474329289797465,6.692334095106925e-4,0.06692334095106925,0.992477219628997,99.2477219628997
PC26,26,0.5372549408962777,6.56790881291293e-4,0.0656790881291293,0.9931340105102883,99.31340105102883
PC27,27,0.5098040362796001,6.232323181902202e-4,0.062323231819022024,0.9937572428284785,99.37572428284786
PC28,28,0.4424809728547214,5.409302846634736e-4,0.05409302846634735,0.9942981731131421,99.42981731131421
PC29,29,0.41311378052640535,5.050290715481728e-4,0.05050290715481728,0.9948032021846902,99.48032021846902
PC30,30,0.37872014579956825,4.6298306332465556e-4,0.04629830633246556,0.9952661852480148,99.52661852480148
PC31,31,0.31328440099804994,3.8298826527878967e-4,0.038298826527878964,0.9956491735132936,99.56491735132936
PC32,32,0.3013683602581661,3.684209783107165e-4,0.03684209783107165,0.9960175944916043,99.60175944916043
PC33,33,0.26190859532980737,3.201816568824051e-4,0.032018165688240514,0.9963377761484867,99.63377761484867
PC34,34,0.24543606057564035,3.0004408383330116e-4,0.030004408383330114,0.9966378202323201,99.663782023232
PC35,35,0.2302306966878599,2.814556194228116e-4,0.028145561942281162,0.9969192758517429,99.69192758517428
PC36,36,0.21508840428994008,2.6294425952315414e-4,0.026294425952315414,0.997182220111266,99.7182220111266
PC37,37,0.20806783200868775,2.5436165282235665e-4,0.025436165282235666,0.9974365817640883,99.74365817640883
PC38,38,0.19014374290974723,2.3244956345934867e-4,0.023244956345934868,0.9976690313275477,99.76690313275476
PC39,39,0.17875833989173268,2.185309778627539e-4,0.021853097786275387,0.9978875623054104,99.78875623054104
PC40,40,0.16740236503491354,2.0464836801334173e-4,0.020464836801334173,0.9980922106734238,99.80922106734238
PC41,41,0.1410943793585911,1.7248701633079596e-4,0.017248701633079594,0.9982646976897546,99.82646976897546
PC42,42,0.11821909179978936,1.445221171146569e-4,0.014452211711465693,0.9984092198068693,99.84092198068693
PC43,43,0.10522397966537757,1.2863567196256428e-4,0.012863567196256425,0.9985378554788318,99.85378554788318
PC44,44,0.09999636902829567,1.222449499123419e-4,0.012224494991234191,0.9986601004287442,99.86601004287442
PC45,45,0.09047719195907712,1.1060781413090113e-4,0.011060781413090113,0.9987707082428751,99.8770708242875
PC46,46,0.08197177193236327,1.002099901373634e-4,0.010020999013736341,0.9988709182330124,99.88709182330125
PC47,47,0.06955178605511984,8.502663331921742e-5,0.008502663331921742,0.9989559448663317,99.89559448663317
PC48,48,0.0670577602389646,8.197770200362421e-5,0.008197770200362421,0.9990379225683352,99.90379225683353
PC49,49,0.05772225302556197,7.056510149824202e-5,0.007056510149824201,0.9991084876698335,99.91084876698335
PC50,50,0.04927476032923057,6.023809331201781e-5,0.006023809331201781,0.9991687257631455,99.91687257631455
PC51,51,0.04819291380918856,5.8915542554020246e-5,0.005891554255402024,0.9992276413056995,99.92276413056996
PC52,52,0.04249543167487927,5.1950405470512555e-5,0.005195040547051255,0.9992795917111701,99.92795917111701
PC53,53,0.03935199749234852,4.810757639651409e-5,0.004810757639651409,0.9993276992875666,99.93276992875666
PC54,54,0.037640250246292875,4.6014975851213784e-5,0.004601497585121379,0.9993737142634178,99.93737142634178
PC55,55,0.03553357923889464,4.343958342163159e-5,0.004343958342163159,0.9994171538468395,99.94171538468395
PC56,56,0.03246865174025603,3.9692728288821555e-5,0.003969272828882155,0.9994568465751282,99.94568465751283
PC57,57,0.030638151566033594,3.7454953014710995e-5,0.0037454953014710995,0.999494301528143,99.9494301528143
PC58,58,0.02937718779017258,3.5913432506323446e-5,0.003591343250632345,0.9995302149606493,99.95302149606493
PC59,59,0.027172471099969602,3.32181798288137e-5,0.0033218179828813695,0.9995634331404781,99.95634331404781
PC60,60,0.026156421862633804,3.197606584674059e-5,0.003197606584674059,0.9995954092063248,99.95954092063248
PC61,61,0.023845571074811625,2.9151064883632795e-5,0.0029151064883632797,0.9996245602712085,99.96245602712085
PC62,62,0.021786584503316875,2.6633966385472954e-5,0.002663396638547295,0.999651194237594,99.96511942375939
PC63,63,0.020466529964171178,2.5020207780160364e-5,0.0025020207780160363,0.9996762144453741,99.96762144453741
PC64,64,0.02006992191728848,2.453535686710083e-5,0.002453535686710083,0.9997007498022412,99.97007498022413
PC65,65,0.01828793588700602,2.235688983741567e-5,0.0022356889837415674,0.9997231066920786,99.97231066920787
PC66,66,0.01626867663339548,1.9888357742537264e-5,0.0019888357742537262,0.9997429950498211,99.97429950498211
PC67,67,0.015644516343727034,1.912532560357828e-5,0.001912532560357828,0.9997621203754248,99.97621203754248
PC68,68,0.014486207929665306,1.77093006475126e-5,0.00177093006475126,0.9997798296760723,99.97798296760723
PC69,69,0.013697899124670166,1.674559795191952e-5,0.0016745597951919517,0.9997965752740242,99.97965752740242
PC70,70,0.012456044819677565,1.5227438654862549e-5,0.001522743865486255,0.999811802712679,99.9811802712679
PC71,71,0.01164193906534146,1.4232199346383203e-5,0.0014232199346383204,0.9998260349120254,99.98260349120254
PC72,72,0.011341123800540977,1.3864454523888724e-5,0.0013864454523888725,0.9998398993665493,99.98398993665492
PC73,73,0.01006613790857265,1.2305792064269744e-5,0.0012305792064269743,0.9998522051586136,99.98522051586136
PC74,74,0.009647728802825986,1.1794289490007318e-5,0.0011794289490007317,0.9998639994481036,99.98639994481036
PC75,75,0.009315553899748074,1.1388207701403512e-5,0.0011388207701403513,0.999875387655805,99.9875387655805
PC76,76,0.008674271866288356,1.0604244335315839e-5,0.0010604244335315838,0.9998859919001403,99.98859919001403
PC77,77,0.008054129338975265,9.84612388627783e-6,9.84612388627783e-4,0.9998958380240266,99.98958380240266
PC78,78,0.007340336433803041,8.973516422742103e-6,8.973516422742104e-4,0.9999048115404493,99.99048115404493
PC79,79,0.00675326324415569,8.255823036865147e-6,8.255823036865148e-4,0.9999130673634862,99.99130673634862
PC80,80,0.006204377049795426,7.584813019309812e-6,7.584813019309813e-4,0.9999206521765055,99.99206521765055
PC81,81,0.006119796415703337,7.481413711128773e-6,7.481413711128773e-4,0.9999281335902166,99.99281335902165
PC82,82,0.005741867997360322,7.019398529780345e-6,7.019398529780345e-4,0.9999351529887464,99.99351529887464
PC83,83,0.005231981416143319,6.396065300908702e-6,6.396065300908702e-4,0.9999415490540473,99.99415490540473
PC84,84,0.004996317136270964,6.107967159255457e-6,6.107967159255458e-4,0.9999476570212066,99.99476570212066
PC85,85,0.004689425242618139,5.732793695132199e-6,5.732793695132199e-4,0.9999533898149017,99.99533898149016
PC86,86,0.004107182779216091,5.021005842562458e-6,5.021005842562458e-4,0.9999584108207443,99.99584108207443
PC87,87,0.0040714708220800765,4.9773481932519275e-6,4.977348193251928e-4,0.9999633881689375,99.99633881689375
PC88,88,0.0033368289143327293,4.0792529515070044e-6,4.0792529515070044e-4,0.999967467421889,99.9967467421889
PC89,89,0.0031427021233656574,3.841934136143835e-6,3.8419341361438353e-4,0.9999713093560252,99.99713093560251
PC90,90,0.0027965748272066157,3.4187956322819265e-6,3.4187956322819267e-4,0.9999747281516574,99.99747281516575
PC91,91,0.0024812741338059064,3.033342461865411e-6,3.0333424618654114e-4,0.9999777614941193,99.99777614941193
PC92,92,0.002183408716959163,2.6692038104635246e-6,2.6692038104635243e-4,0.9999804306979297,99.99804306979297
PC93,93,0.0021095285172764997,2.5788857179419313e-6,2.578885717941931e-4,0.9999830095836477,99.99830095836477
PC94,94,0.0019008297363797707,2.3237527339606e-6,2.3237527339606e-4,0.9999853333363817,99.99853333363818
PC95,95,0.0016453981450813815,2.0114891749161145e-6,2.0114891749161142e-4,0.9999873448255566,99.99873448255566
PC96,96,0.001397469289564764,1.7083976645046015e-6,1.7083976645046014e-4,0.9999890532232211,99.9989053223221
PC97,97,0.0011411377279551358,1.3950338972556672e-6,1.3950338972556673e-4,0.9999904482571184,99.99904482571183
PC98,98,0.0010885758574874368,1.330777331891732e-6,1.3307773318917322e-4,0.9999917790344502,99.99917790344503
PC99,99,9.594442103549559e-4,1.1729146825855208e-6,1.1729146825855208e-4,0.9999929519491328,99.99929519491329
PC100,100,8.474651560079744e-4,1.0360209731148831e-6,1.0360209731148831e-4,0.999993987970106,99.9993987970106
PC101,101,7.843948269483357e-4,9.589178813549335e-7,9.589178813549336e-5,0.9999949468879873,99.99949468879873
PC102,102,6.4407743818724e-4,7.873807312802445e-7,7.873807312802446e-5,0.9999957342687186,99.99957342687186
PC103,103,5.399804875122144e-4,6.601228453694552e-7,6.601228453694552e-5,0.999996394391564,99.9996394391564
PC104,104,3.821056532554242e-4,4.671218254956286e-7,4.6712182549562864e-5,0.9999968615133894,99.99968615133893
PC105,105,3.097345724066697e-4,3.7864862152404604e-7,3.7864862152404605e-5,0.999997240162011,99.9997240162011
PC106,106,2.6448796709248155e-4,3.233349230959432e-7,3.2333492309594326e-5,0.999997563496934,99.9997563496934
PC107,107,2.56682052665951e-4,3.13792240422923e-7,3.13792240422923e-5,0.9999978772891746,99.99978772891745
PC108,108,2.140630150667055e-4,2.6169072746541014e-7,2.6169072746541013e-5,0.999998138979902,99.9998138979902
PC109,109,1.612721975469768e-4,1.971542757298005e-7,1.971542757298005e-5,0.9999983361341777,99.99983361341776
PC110,110,1.5061286531779005e-4,1.8412330723446218e-7,1.8412330723446217e-5,0.9999985202574849,99.9998520257485
PC111,111,1.312201569196282e-4,1.604158397550467e-7,1.604158397550467e-5,0.9999986806733246,99.99986806733247
PC112,112,1.1389428324045755e-4,1.3923506508613392e-7,1.3923506508613393e-5,0.9999988199083898,99.99988199083899
PC113,113,1.0755730342164859e-4,1.3148814599223545e-7,1.3148814599223543e-5,0.9999989513965357,99.99989513965357
PC114,114,9.694638423318283e-5,1.185163621432553e-7,1.185163621432553e-5,0.9999990699128979,99.99990699128979
PC115,115,8.765358348879088e-5,1.0715597003519667e-7,1.0715597003519667e-5,0.999999177068868,99.9999177068868
PC116,116,8.024722137743425e-5,9.810173762522525e-8,9.810173762522526e-6,0.9999992751706056,99.99992751706056
PC117,117,6.0350144255316395e-5,7.377768246371197e-8,7.377768246371197e-6,0.999999348948288,99.9999348948288
PC118,118,5.0292752234927254e-5,6.14825821942876e-8,6.14825821942876e-6,0.9999994104308703,99.99994104308702
PC119,119,3.805283017373462e-5,4.651935229062912e-8,4.651935229062912e-6,0.9999994569502225,99.99994569502225
PC120,120,3.4931090663926536e-5,4.2703044821426085e-8,4.270304482142608e-6,0.9999994996532673,99.99994996532673
PC121,121,3.1661702309573135e-5,3.8706237542265446e-8,3.870623754226544e-6,0.9999995383595048,99.99995383595048
PC122,122,2.9953954154823917e-5,3.661852586164293e-8,3.661852586164293e-6,0.9999995749780307,99.99995749780307
PC123,123,2.638270434364443e-5,3.225269479663133e-8,3.2252694796631334e-6,0.9999996072307256,99.99996072307256
PC124,124,2.3059091555395752e-5,2.8189598478478913e-8,2.8189598478478916e-6,0.999999635420324,99.9999635420324
PC125,125,2.1659793038571566e-5,2.6478964594830767e-8,2.6478964594830765e-6,0.9999996618992886,99.99996618992886
PC126,126,2.0456009625023406e-5,2.5007346729857465e-8,2.5007346729857465e-6,0.9999996869066353,99.99996869066354
PC127,127,1.935118071496246e-5,2.3656700140540903e-8,2.3656700140540906e-6,0.9999997105633355,99.99997105633355
PC128,128,1.8083450419184836e-5,2.210690760291545e-8,2.2106907602915447e-6,0.9999997326702431,99.99997326702432
PC129,129,1.5572536658106818e-5,1.9037330877881195e-8,1.9037330877881194e-6,0.9999997517075739,99.9999751707574
PC130,130,1.4152919688119336e-5,1.730185780943684e-8,1.7301857809436841e-6,0.9999997690094318,99.99997690094318
PC131,131,1.347416746628427e-5,1.6472087367095683e-8,1.6472087367095684e-6,0.9999997854815191,99.99997854815192
PC132,132,1.2969177968521497e-5,1.5854740792813566e-8,1.5854740792813566e-6,0.9999998013362599,99.99998013362598
PC133,133,1.0758249313193645e-5,1.31518940259091e-8,1.31518940259091e-6,0.999999814488154,99.9999814488154
PC134,134,1.023626222841855e-5,1.251376800540165e-8,1.2513768005401649e-6,0.9999998270019219,99.99998270019219
PC135,135,9.600454411609716e-6,1.17364968357087e-8,1.17364968357087e-6,0.9999998387384188,99.99998387384188
PC136,136,8.542668515846464e-6,1.0443360043822084e-8,1.0443360043822084e-6,0.9999998491817789,99.99998491817789
PC137,137,8.012469230531579e-6,9.795194658351564e-9,9.795194658351564e-7,0.9999998589769735,99.99998589769736
PC138,138,7.449207763469052e-6,9.106610957786128e-9,9.106610957786127e-7,0.9999998680835844,99.99998680835844
PC139,139,6.754601784578911e-6,8.257459394350747e-9,8.257459394350746e-7,0.9999998763410438,99.99998763410439
PC140,140,6.2228835487264944e-6,7.607437101132634e-9,7.607437101132634e-7,0.9999998839484809,99.99998839484809
PC141,141,5.7771761029013255e-6,7.062562472984506e-9,7.062562472984505e-7,0.9999998910110435,99.99998910110435
PC142,142,5.17307774234889e-6,6.324055919741919e-9,6.32405591974192e-7,0.9999998973350993,99.99998973350993
PC143,143,4.536282701130694e-6,5.545577874242902e-9,5.545577874242902e-7,0.9999999028806772,99.99999028806772
PC144,144,4.391074381758037e-6,5.368061591391244e-9,5.368061591391244e-7,0.9999999082487389,99.99999082487389
PC145,145,4.2524629653758935e-6,5.1986099821221195e-9,5.198609982122119e-7,0.9999999134473488,99.99999134473488
PC146,146,4.022262077613045e-6,4.917190803927928e-9,4.917190803927929e-7,0.9999999183645396,99.99999183645396
PC147,147,3.869498844294809e-6,4.7304386849569795e-9,4.7304386849569793e-7,0.9999999230949783,99.99999230949783
PC148,148,3.633451961219406e-6,4.441872813226658e-9,4.4418728132266576e-7,0.9999999275368511,99.9999927536851
PC149,149,3.4710124371766695e-6,4.243291487991039e-9,4.243291487991039e-7,0.9999999317801426,99.99999317801425
PC150,150,3.3254051566016496e-6,4.065287477508129e-9,4.065287477508129e-7,0.99999993584543,99.999993584543
PC151,151,3.267256152478881e-6,3.994200675402055e-9,3.994200675402055e-7,0.9999999398396308,99.99999398396308
PC152,152,3.1273048719789796e-6,3.8231110904388505e-9,3.8231110904388503e-7,0.9999999436627418,99.99999436627418
PC153,153,2.698529556732068e-6,3.298935888425511e-9,3.2989358884255113e-7,0.9999999469616777,99.99999469616778
PC154,154,2.45324204100744e-6,2.9990733997645963e-9,2.9990733997645966e-7,0.9999999499607511,99.99999499607512
PC155,155,2.3333087369826197e-6,2.852455668682909e-9,2.8524556686829093e-7,0.9999999528132067,99.99999528132068
PC156,156,2.256465236065703e-6,2.7585149585155293e-9,2.75851495851553e-7,0.9999999555717217,99.99999555717217
PC157,157,2.1488917145518124e-6,2.6270069860046606e-9,2.627006986004661e-7,0.9999999581987288,99.99999581987288
PC158,158,2.0721470653784463e-6,2.533187121489543e-9,2.5331871214895427e-7,0.9999999607319159,99.99999607319158
PC159,159,1.9650295598594585e-6,2.4022366257450593e-9,2.4022366257450593e-7,0.9999999631341525,99.99999631341525
PC160,160,1.8339741191480872e-6,2.2420221505477838e-9,2.2420221505477836e-7,0.9999999653761746,99.99999653761746
PC161,161,1.6612222978904124e-6,2.0308341050005043e-9,2.0308341050005042e-7,0.9999999674070087,99.99999674070087
PC162,162,1.5712010343989608e-6,1.9207836606344263e-9,1.9207836606344265e-7,0.9999999693277923,99.99999693277924
PC163,163,1.5610724772110452e-6,1.9084015613826957e-9,1.908401561382696e-7,0.999999971236194,99.9999971236194
PC164,164,1.43740291317016e-6,1.7572162752691444e-9,1.7572162752691443e-7,0.9999999729934103,99.99999729934103
PC165,165,1.3852295942046606e-6,1.6934347117416388e-9,1.693434711741639e-7,0.999999974686845,99.9999974686845
PC166,166,1.3043296066719601e-6,1.5945349714816137e-9,1.5945349714816138e-7,0.9999999762813799,99.99999762813799
PC167,167,1.224381326335854e-6,1.4967986874521441e-9,1.4967986874521442e-7,0.9999999777781786,99.99999777781787
PC168,168,1.132283378765708e-6,1.3842095094935306e-9,1.3842095094935307e-7,0.9999999791623881,99.99999791623881
PC169,169,1.0613594496856858e-6,1.2975054397135523e-9,1.2975054397135522e-7,0.9999999804598936,99.99999804598936
PC170,170,1.0557621811149683e-6,1.2906628130989832e-9,1.2906628130989832e-7,0.9999999817505564,99.99999817505564
PC171,171,9.833023973349296e-7,1.2020811703360997e-9,1.2020811703360996e-7,0.9999999829526375,99.99999829526375
PC172,172,9.180094512567217e-7,1.122260942856628e-9,1.1222609428566281e-7,0.9999999840748984,99.99999840748984
PC173,173,8.195885758885849e-7,1.0019420243136735e-9,1.0019420243136735e-7,0.9999999850768405,99.99999850768405
PC174,174,8.002479664266447e-7,9.782982474653359e-10,9.782982474653358e-8,0.9999999860551387,99.99999860551387
PC175,175,7.718499051788556e-7,9.43581791172195e-10,9.435817911721952e-8,0.9999999869987205,99.99999869987205
PC176,176,7.371910159780923e-7,9.012115109756629e-10,9.012115109756629e-8,0.999999987899932,99.9999987899932
PC177,177,6.729945604026916e-7,8.227317364336082e-10,8.227317364336082e-8,0.9999999887226638,99.99999887226639
PC178,178,6.280903155566465e-7,7.678365715851425e-10,7.678365715851426e-8,0.9999999894905004,99.99999894905004
PC179,179,5.847660185880456e-7,7.14872883359469e-10,7.14872883359469e-8,0.9999999902053732,99.99999902053732
PC180,180,5.642884302633158e-7,6.898391568011195e-10,6.898391568011195e-8,0.9999999908952124,99.99999908952124
PC181,181,5.25357645709188e-7,6.422465106469292e-10,6.422465106469291e-8,0.9999999915374589,99.99999915374589
PC182,182,4.9808025247478e-7,6.089000641500978e-10,6.089000641500977e-8,0.9999999921463589,99.99999921463589
PC183,183,4.3155947159630253e-7,5.275788161323991e-10,5.2757881613239916e-8,0.9999999926739378,99.99999926739378
PC184,184,4.1909322689045543e-7,5.123389081790409e-10,5.1233890817904085e-8,0.9999999931862767,99.99999931862767
PC185,185,4.1139066826913955e-7,5.029225773461364e-10,5.029225773461364e-8,0.9999999936891992,99.99999936891993
PC186,186,3.649036945916607e-7,4.460925361756243e-10,4.4609253617562435e-8,0.9999999941352918,99.99999941352918
PC187,187,3.5416538261367715e-7,4.329650154201432e-10,4.329650154201432e-8,0.9999999945682568,99.99999945682568
PC188,188,3.3198444846685886e-7,4.058489590059399e-10,4.058489590059399e-8,0.9999999949741057,99.99999949741057
PC189,189,3.029536370363008e-7,3.703589694820303e-10,3.7035896948203034e-8,0.9999999953444647,99.99999953444647
PC190,190,2.8883239670671917e-7,3.530958394947667e-10,3.530958394947667e-8,0.9999999956975606,99.99999956975606
PC191,191,2.6656939906497444e-7,3.2587946095962643e-10,3.258794609596265e-8,0.99999999602344,99.999999602344
PC192,192,2.369590848695762e-7,2.896810328478927e-10,2.896810328478927e-8,0.9999999963131211,99.99999963131211
PC193,193,2.183419673263881e-7,2.669217204479072e-10,2.6692172044790722e-8,0.9999999965800428,99.99999965800428
PC194,194,2.1263235335540336e-7,2.5994175226821927e-10,2.5994175226821924e-8,0.9999999968399845,99.99999968399845
PC195,195,1.970022256525897e-7,2.4083401669020744e-10,2.4083401669020748e-8,0.9999999970808185,99.99999970808186
PC196,196,1.7003911132083814e-7,2.0787177423085347e-10,2.078717742308535e-8,0.9999999972886904,99.99999972886904
PC197,197,1.6502449973808634e-7,2.0174144222259943e-10,2.0174144222259942e-8,0.9999999974904318,99.99999974904318
PC198,198,1.4691576674526667e-7,1.7960362682795435e-10,1.7960362682795436e-8,0.9999999976700354,99.99999976700354
PC199,199,1.4307943476015423e-7,1.7491373442561642e-10,1.7491373442561643e-8,0.9999999978449492,99.99999978449492
PC200,200,1.3652335218061452e-7,1.6689896354598353e-10,1.6689896354598352e-8,0.9999999980118481,99.99999980118481
PC201,201,1.280118723129376e-7,1.5649373143390905e-10,1.5649373143390905e-8,0.9999999981683418,99.99999981683419
PC202,202,1.1777801252002124e-7,1.43982900391224e-10,1.4398290039122401e-8,0.9999999983123248,99.99999983123247
PC203,203,1.1171920682327284e-7,1.3657604746121374e-10,1.3657604746121374e-8,0.9999999984489008,99.99999984489007
PC204,204,1.0719291774453265e-7,1.310426867292575e-10,1.3104268672925752e-8,0.9999999985799435,99.99999985799435
PC205,205,9.604273143877994e-8,1.1741165212564784e-10,1.1741165212564785e-8,0.9999999986973551,99.99999986973552
PC206,206,8.667545128626207e-8,1.0596020939640841e-10,1.059602093964084e-8,0.9999999988033154,99.99999988033153
PC207,207,8.298891081416964e-8,1.0145343620314137e-10,1.0145343620314138e-8,0.9999999989047688,99.99999989047687
PC208,208,7.863682568414906e-8,9.613303873367855e-11,9.613303873367855e-9,0.9999999990009019,99.99999990009019
PC209,209,7.316317474068283e-8,8.944153391281519e-11,8.94415339128152e-9,0.9999999990903433,99.99999990903433
PC210,210,6.459171996793993e-8,7.896298284589232e-11,7.896298284589234e-9,0.9999999991693064,99.99999991693063
PC211,211,6.13937697619072e-8,7.505350826639023e-11,7.505350826639022e-9,0.9999999992443599,99.99999992443598
PC212,212,5.9174448688477096e-8,7.234040181965415e-11,7.234040181965415e-9,0.9999999993167002,99.99999993167002
PC213,213,5.138257149725806e-8,6.281487958100007e-11,6.2814879581000075e-9,0.9999999993795151,99.99999993795151
PC214,214,4.9179891137302257e-8,6.012211630477048e-11,6.012211630477048e-9,0.9999999994396372,99.99999994396373
PC215,215,4.303641874654877e-8,5.261175885886158e-11,5.2611758858861586e-9,0.999999999492249,99.9999999492249
PC216,216,4.019335952963254e-8,4.913613634429406e-11,4.913613634429406e-9,0.9999999995413852,99.99999995413852
PC217,217,3.6345164713362524e-8,4.443174170337717e-11,4.4431741703377166e-9,0.9999999995858169,99.99999995858168
PC218,218,3.296780014564898e-8,4.0302934163385063e-11,4.030293416338507e-9,0.9999999996261199,99.99999996261198
PC219,219,2.8720346943897904e-8,3.5110448586672255e-11,3.511044858667225e-9,0.9999999996612302,99.99999996612303
PC220,220,2.5473528753504074e-8,3.1141233194992755e-11,3.1141233194992756e-9,0.9999999996923715,99.99999996923715
PC221,221,2.3156266783600117e-8,2.830839460097814e-11,2.830839460097814e-9,0.9999999997206799,99.99999997206798
PC222,222,2.1813390533208038e-8,2.666673659316386e-11,2.666673659316386e-9,0.9999999997473467,99.99999997473466
PC223,223,2.081755920155793e-8,2.5449338877210182e-11,2.544933887721018e-9,0.999999999772796,99.9999999772796
PC224,224,1.8679835635068266e-8,2.2835984883946535e-11,2.2835984883946533e-9,0.9999999997956319,99.9999999795632
PC225,225,1.7780286789674784e-8,2.173629191891783e-11,2.1736291918917827e-9,0.9999999998173682,99.99999998173682
PC226,226,1.5627369107467924e-8,1.9104363212063478e-11,1.910436321206348e-9,0.9999999998364726,99.99999998364726
PC227,227,1.5320968020385206e-8,1.8729789755972134e-11,1.8729789755972136e-9,0.9999999998552024,99.99999998552023
PC228,228,1.2863643856002458e-8,1.5725725985333078e-11,1.572572598533308e-9,0.9999999998709281,99.99999998709282
PC229,229,1.1476550669249905e-8,1.4030013043092793e-11,1.4030013043092795e-9,0.9999999998849581,99.99999998849582
PC230,230,1.0014550014469382e-8,1.2242726179057924e-11,1.2242726179057923e-9,0.9999999998972009,99.9999999897201
PC231,231,9.138447134469608e-9,1.1171695763410278e-11,1.117169576341028e-9,0.9999999999083725,99.99999999083725
PC232,232,8.750541203481619e-9,1.069748313384061e-11,1.0697483133840609e-9,0.9999999999190701,99.999999991907
PC233,233,8.095545217931397e-9,9.896754545148408e-12,9.896754545148407e-10,0.9999999999289668,99.99999999289668
PC234,234,6.377363100879916e-9,7.79628740938865e-12,7.79628740938865e-10,0.999999999936763,99.9999999936763
PC235,235,5.9218415454931395e-9,7.239415092289902e-12,7.239415092289901e-10,0.9999999999440025,99.99999999440024
PC236,236,5.529446636207861e-9,6.75971471419054e-12,6.75971471419054e-10,0.9999999999507622,99.99999999507622
PC237,237,4.717795390363939e-9,5.767476027339778e-12,5.767476027339778e-10,0.9999999999565297,99.99999999565297
PC238,238,4.222197967373855e-9,5.161611207058503e-12,5.161611207058503e-10,0.9999999999616913,99.99999999616914
PC239,239,3.8082274909494826e-9,4.6555348300115925e-12,4.655534830011593e-10,0.9999999999663468,99.99999999663468
PC240,240,3.343722557845547e-9,4.0876803885642386e-12,4.0876803885642387e-10,0.9999999999704345,99.99999999704346
PC241,241,3.0853266006714675e-9,3.771792910356317e-12,3.771792910356317e-10,0.9999999999742063,99.99999999742063
PC242,242,2.7019791507835596e-9,3.3031529960679213e-12,3.3031529960679215e-10,0.9999999999775094,99.99999999775095
PC243,243,2.529294061227091e-9,3.0920465296174708e-12,3.0920465296174703e-10,0.9999999999806015,99.99999999806015
PC244,244,2.0926015295749987e-9,2.5581925789425414e-12,2.5581925789425414e-10,0.9999999999831597,99.99999999831597
PC245,245,1.647755762165796e-9,2.0143713473909488e-12,2.014371347390949e-10,0.9999999999851741,99.99999999851741
PC246,246,1.4115195817813424e-9,1.725574060857387e-12,1.7255740608573868e-10,0.9999999999868996,99.99999999868996
PC247,247,1.1848233169162566e-9,1.44843926273381e-12,1.44843926273381e-10,0.9999999999883481,99.99999999883481
PC248,248,1.137443382231184e-9,1.3905175821897113e-12,1.3905175821897114e-10,0.9999999999897387,99.99999999897386
PC249,249,1.0645597767256681e-9,1.3014178199580295e-12,1.3014178199580295e-10,0.9999999999910401,99.999999999104
PC250,250,1.0271423070911203e-9,1.2556751920429343e-12,1.2556751920429343e-10,0.9999999999922957,99.99999999922957
PC251,251,8.265139704833572e-10,1.0104082768745199e-12,1.0104082768745198e-10,0.9999999999933061,99.99999999933061
PC252,252,6.70394475285037e-10,8.195531482702164e-13,8.195531482702163e-11,0.9999999999941257,99.99999999941257
PC253,253,6.465849378553249e-10,7.904461342974632e-13,7.904461342974632e-11,0.9999999999949161,99.9999999994916
PC254,254,5.184091689097462e-10,6.337520402319636e-13,6.337520402319636e-11,0.9999999999955499,99.99999999955499
PC255,255,4.718356468285238e-10,5.768161941668995e-13,5.768161941668995e-11,0.9999999999961267,99.99999999961267
PC256,256,4.4213848958777426e-10,5.405116009630493e-13,5.405116009630492e-11,0.9999999999966672,99.99999999966673
PC257,257,3.591227351432494e-10,4.390253485858795e-13,4.3902534858587944e-11,0.9999999999971062,99.99999999971062
PC258,258,3.233134133554419e-10,3.952486715836698e-13,3.9524867158366987e-11,0.9999999999975014,99.99999999975014
PC259,259,3.0855247073850243e-10,3.772035094602719e-13,3.77203509460272e-11,0.9999999999978787,99.99999999978787
PC260,260,2.3023211227108303e-10,2.8145734996464917e-13,2.8145734996464916e-11,0.9999999999981601,99.99999999981601
PC261,261,1.905258645296341e-10,2.329167048039537e-13,2.3291670480395366e-11,0.9999999999983931,99.9999999998393
PC262,262,1.7098858531957497e-10,2.0903250039067845e-13,2.0903250039067846e-11,0.9999999999986021,99.99999999986021
PC263,263,1.3821825990730034e-10,1.6897097788178527e-13,1.6897097788178525e-11,0.999999999998771,99.9999999998771
PC264,264,1.300573345757229e-10,1.589942965473385e-13,1.5899429654733848e-11,0.9999999999989301,99.999999999893
PC265,265,1.125162506519739e-10,1.3755042866989473e-13,1.3755042866989475e-11,0.9999999999990676,99.99999999990676
PC266,266,1.0612402627033863e-10,1.297359734356218e-13,1.297359734356218e-11,0.9999999999991973,99.99999999991974
PC267,267,8.0751367011861e-11,9.871805258173716e-14,9.871805258173715e-12,0.999999999999296,99.9999999999296
PC268,268,7.747019744641707e-11,9.470684284403065e-14,9.470684284403063e-12,0.9999999999993907,99.99999999993906
PC269,269,6.730793325975024e-11,8.22835369923597e-14,8.22835369923597e-12,0.999999999999473,99.99999999994729
PC270,270,5.106433527499429e-11,6.24258377444918e-14,6.2425837744491805e-12,0.9999999999995355,99.99999999995354
PC271,271,4.6828012610729784e-11,5.724695918182125e-14,5.724695918182126e-12,0.9999999999995927,99.99999999995927
PC272,272,3.764847888341171e-11,4.602503530979427e-14,4.602503530979427e-12,0.9999999999996387,99.99999999996388
PC273,273,3.6379154738423045e-11,4.447329430125067e-14,4.447329430125067e-12,0.9999999999996831,99.99999999996831
PC274,274,3.326092580779155e-11,4.0661278493632707e-14,4.0661278493632706e-12,0.9999999999997239,99.99999999997239
PC275,275,2.9876918962591716e-11,3.652435081001432e-14,3.652435081001432e-12,0.9999999999997604,99.99999999997604
PC276,276,2.6469693992955372e-11,3.2359039111192384e-14,3.2359039111192387e-12,0.9999999999997927,99.99999999997927
PC277,277,2.5712091622859695e-11,3.1432874844571756e-14,3.1432874844571755e-12,0.9999999999998241,99.9999999999824
PC278,278,2.398982642885932e-11,2.9327416172199656e-14,2.9327416172199657e-12,0.9999999999998535,99.99999999998535
PC279,279,1.7705181906828137e-11,2.1644476658714105e-14,2.1644476658714105e-12,0.9999999999998751,99.99999999998751
PC280,280,1.4337266677784828e-11,1.7527220877487564e-14,1.7527220877487564e-12,0.9999999999998926,99.99999999998927
PC281,281,1.1206641135841136e-11,1.3700050288314346e-14,1.3700050288314345e-12,0.9999999999999064,99.99999999999064
PC282,282,1.0311930706913105e-11,1.260627225783998e-14,1.260627225783998e-12,0.999999999999919,99.9999999999919
PC283,283,9.693165669035636e-12,1.1849835781217158e-14,1.1849835781217157e-12,0.9999999999999308,99.99999999999308
PC284,284,7.998519216474103e-12,9.778140851435333e-15,9.778140851435333e-13,0.9999999999999406,99.99999999999406
PC285,285,7.68442774418141e-12,9.394165946432041e-15,9.394165946432041e-13,0.99999999999995,99.999999999995
PC286,286,7.282803920805532e-12,8.903183277268376e-15,8.903183277268377e-13,0.9999999999999589,99.9999999999959
PC287,287,6.479626564289373e-12,7.921303868324416e-15,7.921303868324417e-13,0.9999999999999668,99.99999999999667
PC288,288,4.383996552201179e-12,5.359408988021001e-15,5.359408988021002e-13,0.9999999999999721,99.99999999999721
PC289,289,4.085732436874294e-12,4.9947829301641735e-15,4.994782930164174e-13,0.9999999999999771,99.99999999999771
PC290,290,3.809536873829979e-12,4.657135542579436e-15,4.657135542579436e-13,0.9999999999999818,99.99999999999818
PC291,291,3.2234043318392855e-12,3.940592092713063e-15,3.940592092713063e-13,0.9999999999999858,99.99999999999858
PC292,292,2.7325778850955827e-12,3.340559761730541e-15,3.3405597617305413e-13,0.9999999999999891,99.9999999999989
PC293,293,1.7833912468386916e-12,2.180184898335809e-15,2.1801848983358086e-13,0.9999999999999913,99.99999999999913
PC294,294,1.6089501734354303e-12,1.9669317523660517e-15,1.966931752366052e-13,0.9999999999999932,99.99999999999932
PC295,295,1.1913912616736762e-12,1.4564685350533939e-15,1.456468535053394e-13,0.9999999999999947,99.99999999999946
PC296,296,9.972866001610875e-13,1.2191767728130654e-15,1.2191767728130654e-13,0.9999999999999959,99.99999999999959
PC297,297,6.65538698303741e-13,8.136169905913704e-16,8.136169905913704e-14,0.9999999999999968,99.99999999999967
PC298,298,6.145508215179596e-13,7.512846228825912e-16,7.512846228825912e-14,0.9999999999999976,99.99999999999976
PC299,299,5.786618375042503e-13,7.074105592961496e-16,7.074105592961496e-14,0.9999999999999982,99.99999999999983
PC300,300,4.1212855832297415e-13,5.038246434266187e-16,5.038246434266188e-14,0.9999999999999987,99.99999999999987
PC301,301,2.7532263170642875e-13,3.3658023435993734e-16,3.3658023435993736e-14,0.999999999999999,99.9999999999999
PC302,302,2.1174612495234138e-13,2.5885834346252004e-16,2.5885834346252003e-14,0.9999999999999993,99.99999999999993
PC303,303,1.3782707382738382e-13,1.6849275529020026e-16,1.6849275529020028e-14,0.9999999999999994,99.99999999999994
PC304,304,1.2988617518677844e-13,1.5878505524056044e-16,1.5878505524056044e-14,0.9999999999999997,99.99999999999997
PC305,305,1.1152302118352486e-13,1.3633621171580055e-16,1.3633621171580056e-14,0.9999999999999998,99.99999999999997
PC306,306,9.902967119843449e-14,1.2106316772424753e-16,1.2106316772424754e-14,0.9999999999999999,99.99999999999999
PC307,307,1.2319320353014964e-14,1.5060293830091644e-17,1.5060293830091644e-15,0.9999999999999999,99.99999999999999
PC308,308,1.0173746851969232e-14,1.2437343339815686e-17,1.2437343339815687e-15,0.9999999999999999,99.99999999999999
PC309,309,7.679001611448062e-15,9.387532532332594e-18,9.387532532332594e-16,0.9999999999999999,99.99999999999999
PC310,310,6.146676557837532e-15,7.51427452058378e-18,7.514274520583779e-16,0.9999999999999999,99.99999999999999
PC311,311,4.174922280368925e-16,5.103816968666168e-19,5.103816968666168e-17,0.9999999999999999,99.99999999999999
PC312,312,6.777059851771297e-17,8.28491424421919e-20,8.28491424421919e-18,0.9999999999999999,99.99999999999999
PC313,313,6.5403451956016115e-18,7.99553202396285e-21,7.995532023962849e-19,0.9999999999999999,99.99999999999999
PC314,314,2.1658041155430082e-20,2.647682292839863e-23,2.647682292839863e-21,0.9999999999999999,99.99999999999999
PC315,315,4.547353028758454e-21,5.5591112821008e-24,5.5591112821008e-22,0.9999999999999999,99.99999999999999
PC316,316,2.577965284083338e-21,3.15154680205787e-24,3.15154680205787e-22,0.9999999999999999,99.99999999999999
PC317,317,1.2373285530757525e-28,1.5126265930021423e-31,1.5126265930021424e-29,0.9999999999999999,99.99999999999999
PC318,318,8.447375441409744e-29,1.0326864842799198e-31,1.0326864842799198e-29,0.9999999999999999,99.99999999999999
PC319,319,5.093971074310775e-29,6.227348501602414e-32,6.227348501602415e-30,0.9999999999999999,99.99999999999999
PC320,320,3.234034301308575e-29,3.9535871654139056e-32,3.953587165413906e-30,0.9999999999999999,99.99999999999999
PC321,321,2.627079561008584e-29,3.211588705389467e-32,3.2115887053894666e-30,0.9999999999999999,99.99999999999999
PC322,322,2.39741037976039e-29,2.930819535159401e-32,2.9308195351594007e-30,0.9999999999999999,99.99999999999999
PC323,323,2.3336204478339122e-29,2.8528367332932913e-32,2.852836733293291e-30,0.9999999999999999,99.99999999999999
PC324,324,2.223404220206674e-29,2.7180980687123157e-32,2.7180980687123156e-30,0.9999999999999999,99.99999999999999
PC325,325,1.7355533875000223e-29,2.1217034077017389e-32,2.1217034077017387e-30,0.9999999999999999,99.99999999999999
PC326,326,1.5139327888063338e-29,1.8507735804478407e-32,1.8507735804478408e-30,0.9999999999999999,99.99999999999999
PC327,327,1.2485951846087414e-29,1.5263999811842804e-32,1.5263999811842806e-30,0.9999999999999999,99.99999999999999
PC328,328,9.7922484046893e-30,1.197096381991357e-32,1.197096381991357e-30,0.9999999999999999,99.99999999999999
PC329,329,8.46238580708467e-30,1.0345214923086394e-32,1.0345214923086394e-30,0.9999999999999999,99.99999999999999
PC330,330,8.360660284052537e-30,1.0220856092973762e-32,1.0220856092973761e-30,0.9999999999999999,99.99999999999999
PC331,331,6.0698045500823465e-30,7.420298960980864e-33,7.420298960980863e-31,0.9999999999999999,99.99999999999999
PC332,332,4.322037396500976e-30,5.283664298900949e-33,5.283664298900949e-31,0.9999999999999999,99.99999999999999
PC333,333,3.0549590427249347e-30,3.7346687563874506e-33,3.7346687563874507e-31,0.9999999999999999,99.99999999999999
PC334,334,3.0549590427249347e-30,3.7346687563874506e-33,3.7346687563874507e-31,0.9999999999999999,99.99999999999999
PC335,335,3.0549590427249347e-30,3.7346687563874506e-33,3.7346687563874507e-31,0.9999999999999999,99.99999999999999
PC336,336,3.0549590427249347e-30,3.7346687563874506e-33,3.7346687563874507e-31,0.9999999999999999,99.99999999999999
PC337,337,3.0549590427249347e-30,3.7346687563874506e-33,3.7346687563874507e-31,0.9999999999999999,99.99999999999999
PC338,338,3.0549590427249347e-30,3.7346687563874506e-33,3.7346687563874507e-31,0.9999999999999999,99.99999999999999
PC339,339,3.0549590427249347e-30,3.7346687563874506e-33,3.7346687563874507e-31,0.9999999999999999,99.99999999999999
PC340,340,3.0549590427249347e-30,3.7346687563874506e-33,3.7346687563874507e-31,0.9999999999999999,99.99999999999999
PC341,341,3.0549590427249347e-30,3.7346687563874506e-33,3.7346687563874507e-31,0.9999999999999999,99.99999999999999
PC342,342,3.0549590427249347e-30,3.7346687563874506e-33,3.7346687563874507e-31,0.9999999999999999,99.99999999999999
PC343,343,3.0549590427249347e-30,3.7346687563874506e-33,3.7346687563874507e-31,0.9999999999999999,99.99999999999999
PC344,344,3.0549590427249347e-30,3.7346687563874506e-33,3.7346687563874507e-31,0.9999999999999999,99.99999999999999
PC345,345,3.0549590427249347e-30,3.7346687563874506e-33,3.7346687563874507e-31,0.9999999999999999,99.99999999999999
PC346,346,3.0549590427249347e-30,3.7346687563874506e-33,3.7346687563874507e-31,0.9999999999999999,99.99999999999999
PC347,347,3.0549590427249347e-30,3.7346687563874506e-33,3.7346687563874507e-31,0.9999999999999999,99.99999999999999
PC348,348,3.0549590427249347e-30,3.7346687563874506e-33,3.7346687563874507e-31,0.9999999999999999,99.99999999999999
PC349,349,3.0549590427249347e-30,3.7346687563874506e-33,3.7346687563874507e-31,0.9999999999999999,99.99999999999999
PC350,350,3.0549590427249347e-30,3.7346687563874506e-33,3.7346687563874507e-31,0.9999999999999999,99.99999999999999
PC351,351,3.0549590427249347e-30,3.7346687563874506e-33,3.7346687563874507e-31,0.9999999999999999,99.99999999999999
PC352,352,3.0549590427249347e-30,3.7346687563874506e-33,3.7346687563874507e-31,0.9999999999999999,99.99999999999999
PC353,353,3.0549590427249347e-30,3.7346687563874506e-33,3.7346687563874507e-31,0.9999999999999999,99.99999999999999
PC354,354,3.0549590427249347e-30,3.7346687563874506e-33,3.7346687563874507e-31,0.9999999999999999,99.99999999999999
PC355,355,3.0549590427249347e-30,3.7346687563874506e-33,3.7346687563874507e-31,0.9999999999999999,99.99999999999999
PC356,356,3.0549590427249347e-30,3.7346687563874506e-33,3.7346687563874507e-31,0.9999999999999999,99.99999999999999
PC357,357,3.0549590427249347e-30,3.7346687563874506e-33,3.7346687563874507e-31,0.9999999999999999,99.99999999999999
PC358,358,3.0549590427249347e-30,3.7346687563874506e-33,3.7346687563874507e-31,0.9999999999999999,99.99999999999999
PC359,359,3.0549590427249347e-30,3.7346687563874506e-33,3.7346687563874507e-31,0.9999999999999999,99.99999999999999
PC360,360,3.0549590427249347e-30,3.7346687563874506e-33,3.7346687563874507e-31,0.9999999999999999,99.99999999999999
PC361,361,3.0549590427249347e-30,3.7346687563874506e-33,3.7346687563874507e-31,0.9999999999999999,99.99999999999999
PC362,362,3.0549590427249347e-30,3.7346687563874506e-33,3.7346687563874507e-31,0.9999999999999999,99.99999999999999
PC363,363,3.0549590427249347e-30,3.7346687563874506e-33,3.7346687563874507e-31,0.9999999999999999,99.99999999999999
PC364,364,3.0549590427249347e-30,3.7346687563874506e-33,3.7346687563874507e-31,0.9999999999999999,99.99999999999999
PC365,365,3.0549590427249347e-30,3.7346687563874506e-33,3.7346687563874507e-31,0.9999999999999999,99.99999999999999
PC366,366,3.0549590427249347e-30,3.7346687563874506e-33,3.7346687563874507e-31,0.9999999999999999,99.99999999999999
PC367,367,3.0549590427249347e-30,3.7346687563874506e-33,3.7346687563874507e-31,0.9999999999999999,99.99999999999999
PC368,368,3.0549590427249347e-30,3.7346687563874506e-33,3.7346687563874507e-31,0.9999999999999999,99.99999999999999
PC369,369,3.0549590427249347e-30,3.7346687563874506e-33,3.7346687563874507e-31,0.9999999999999999,99.99999999999999
PC370,370,3.0549590427249347e-30,3.7346687563874506e-33,3.7346687563874507e-31,0.9999999999999999,99.99999999999999
PC371,371,3.0549590427249347e-30,3.7346687563874506e-33,3.7346687563874507e-31,0.9999999999999999,99.99999999999999
PC372,372,3.0549590427249347e-30,3.7346687563874506e-33,3.7346687563874507e-31,0.9999999999999999,99.99999999999999
PC373,373,3.0549590427249347e-30,3.7346687563874506e-33,3.7346687563874507e-31,0.9999999999999999,99.99999999999999
PC374,374,3.0549590427249347e-30,3.7346687563874506e-33,3.7346687563874507e-31,0.9999999999999999,99.99999999999999
PC375,375,3.0549590427249347e-30,3.7346687563874506e-33,3.7346687563874507e-31,0.9999999999999999,99.99999999999999
PC376,376,3.0549590427249347e-30,3.7346687563874506e-33,3.7346687563874507e-31,0.9999999999999999,99.99999999999999
PC377,377,3.0549590427249347e-30,3.7346687563874506e-33,3.7346687563874507e-31,0.9999999999999999,99.99999999999999
PC378,378,3.0549590427249347e-30,3.7346687563874506e-33,3.7346687563874507e-31,0.9999999999999999,99.99999999999999
PC379,379,3.0549590427249347e-30,3.7346687563874506e-33,3.7346687563874507e-31,0.9999999999999999,99.99999999999999
PC380,380,3.0549590427249347e-30,3.7346687563874506e-33,3.7346687563874507e-31,0.9999999999999999,99.99999999999999
PC381,381,3.0549590427249347e-30,3.7346687563874506e-33,3.7346687563874507e-31,0.9999999999999999,99.99999999999999
PC382,382,3.0549590427249347e-30,3.7346687563874506e-33,3.7346687563874507e-31,0.9999999999999999,99.99999999999999
PC383,383,3.0549590427249347e-30,3.7346687563874506e-33,3.7346687563874507e-31,0.9999999999999999,99.99999999999999
PC384,384,3.0549590427249347e-30,3.7346687563874506e-33,3.7346687563874507e-31,0.9999999999999999,99.99999999999999
PC385,385,3.0549590427249347e-30,3.7346687563874506e-33,3.7346687563874507e-31,0.9999999999999999,99.99999999999999
PC386,386,3.0549590427249347e-30,3.7346687563874506e-33,3.7346687563874507e-31,0.9999999999999999,99.99999999999999
PC387,387,3.0549590427249347e-30,3.7346687563874506e-33,3.7346687563874507e-31,0.9999999999999999,99.99999999999999
PC388,388,3.0549590427249347e-30,3.7346687563874506e-33,3.7346687563874507e-31,0.9999999999999999,99.99999999999999
PC389,389,3.0549590427249347e-30,3.7346687563874506e-33,3.7346687563874507e-31,0.9999999999999999,99.99999999999999
PC390,390,3.0549590427249347e-30,3.7346687563874506e-33,3.7346687563874507e-31,0.9999999999999999,99.99999999999999
PC391,391,3.0549590427249347e-30,3.7346687563874506e-33,3.7346687563874507e-31,0.9999999999999999,99.99999999999999
PC392,392,3.0549590427249347e-30,3.7346687563874506e-33,3.7346687563874507e-31,0.9999999999999999,99.99999999999999
PC393,393,3.0549590427249347e-30,3.7346687563874506e-33,3.7346687563874507e-31,0.9999999999999999,99.99999999999999
PC394,394,3.0549590427249347e-30,3.7346687563874506e-33,3.7346687563874507e-31,0.9999999999999999,99.99999999999999
PC395,395,3.0549590427249347e-30,3.7346687563874506e-33,3.7346687563874507e-31,0.9999999999999999,99.99999999999999
PC396,396,3.0549590427249347e-30,3.7346687563874506e-33,3.7346687563874507e-31,0.9999999999999999,99.99999999999999
PC397,397,3.0549590427249347e-30,3.7346687563874506e-33,3.7346687563874507e-31,0.9999999999999999,99.99999999999999
PC398,398,3.0549590427249347e-30,3.7346687563874506e-33,3.7346687563874507e-31,0.9999999999999999,99.99999999999999
PC399,399,3.0549590427249347e-30,3.7346687563874506e-33,3.7346687563874507e-31,0.9999999999999999,99.99999999999999
PC400,400,3.0549590427249347e-30,3.7346687563874506e-33,3.7346687563874507e-31,0.9999999999999999,99.99999999999999
PC401,401,3.0549590427249347e-30,3.7346687563874506e-33,3.7346687563874507e-31,0.9999999999999999,99.99999999999999
PC402,402,3.0549590427249347e-30,3.7346687563874506e-33,3.7346687563874507e-31,0.9999999999999999,99.99999999999999
PC403,403,3.0549590427249347e-30,3.7346687563874506e-33,3.7346687563874507e-31,0.9999999999999999,99.99999999999999
PC404,404,3.0549590427249347e-30,3.7346687563874506e-33,3.7346687563874507e-31,0.9999999999999999,99.99999999999999
PC405,405,3.0549590427249347e-30,3.7346687563874506e-33,3.7346687563874507e-31,0.9999999999999999,99.99999999999999
PC406,406,3.0549590427249347e-30,3.7346687563874506e-33,3.7346687563874507e-31,0.9999999999999999,99.99999999999999
PC407,407,3.0549590427249347e-30,3.7346687563874506e-33,3.7346687563874507e-31,0.9999999999999999,99.99999999999999
PC408,408,3.0549590427249347e-30,3.7346687563874506e-33,3.7346687563874507e-31,0.9999999999999999,99.99999999999999
PC409,409,3.0549590427249347e-30,3.7346687563874506e-33,3.7346687563874507e-31,0.9999999999999999,99.99999999999999
PC410,410,3.0549590427249347e-30,3.7346687563874506e-33,3.7346687563874507e-31,0.9999999999999999,99.99999999999999
PC411,411,3.0549590427249347e-30,3.7346687563874506e-33,3.7346687563874507e-31,0.9999999999999999,99.99999999999999
PC412,412,3.0549590427249347e-30,3.7346687563874506e-33,3.7346687563874507e-31,0.9999999999999999,99.99999999999999
PC413,413,3.0549590427249347e-30,3.7346687563874506e-33,3.7346687563874507e-31,0.9999999999999999,99.99999999999999
PC414,414,3.0549590427249347e-30,3.7346687563874506e-33,3.7346687563874507e-31,0.9999999999999999,99.99999999999999
PC415,415,3.0549590427249347e-30,3.7346687563874506e-33,3.7346687563874507e-31,0.9999999999999999,99.99999999999999
PC416,416,3.0549590427249347e-30,3.7346687563874506e-33,3.7346687563874507e-31,0.9999999999999999,99.99999999999999
PC417,417,3.0549590427249347e-30,3.7346687563874506e-33,3.7346687563874507e-31,0.9999999999999999,99.99999999999999
PC418,418,3.0549590427249347e-30,3.7346687563874506e-33,3.7346687563874507e-31,0.9999999999999999,99.99999999999999
PC419,419,3.0549590427249347e-30,3.7346687563874506e-33,3.7346687563874507e-31,0.9999999999999999,99.99999999999999
PC420,420,3.0549590427249347e-30,3.7346687563874506e-33,3.7346687563874507e-31,0.9999999999999999,99.99999999999999
PC421,421,3.0549590427249347e-30,3.7346687563874506e-33,3.7346687563874507e-31,0.9999999999999999,99.99999999999999
PC422,422,3.0549590427249347e-30,3.7346687563874506e-33,3.7346687563874507e-31,0.9999999999999999,99.99999999999999
PC423,423,3.0549590427249347e-30,3.7346687563874506e-33,3.7346687563874507e-31,0.9999999999999999,99.99999999999999
PC424,424,3.0549590427249347e-30,3.7346687563874506e-33,3.7346687563874507e-31,0.9999999999999999,99.99999999999999
PC425,425,3.0549590427249347e-30,3.7346687563874506e-33,3.7346687563874507e-31,0.9999999999999999,99.99999999999999
PC426,426,3.0549590427249347e-30,3.7346687563874506e-33,3.7346687563874507e-31,0.9999999999999999,99.99999999999999
PC427,427,3.0549590427249347e-30,3.7346687563874506e-33,3.7346687563874507e-31,0.9999999999999999,99.99999999999999
PC428,428,3.0549590427249347e-30,3.7346687563874506e-33,3.7346687563874507e-31,0.9999999999999999,99.99999999999999
PC429,429,3.0549590427249347e-30,3.7346687563874506e-33,3.7346687563874507e-31,0.9999999999999999,99.99999999999999
PC430,430,3.0549590427249347e-30,3.7346687563874506e-33,3.7346687563874507e-31,0.9999999999999999,99.99999999999999
PC431,431,3.0549590427249347e-30,3.7346687563874506e-33,3.7346687563874507e-31,0.9999999999999999,99.99999999999999
PC432,432,3.0549590427249347e-30,3.7346687563874506e-33,3.7346687563874507e-31,0.9999999999999999,99.99999999999999
PC433,433,3.0549590427249347e-30,3.7346687563874506e-33,3.7346687563874507e-31,0.9999999999999999,99.99999999999999
PC434,434,3.0549590427249347e-30,3.7346687563874506e-33,3.7346687563874507e-31,0.9999999999999999,99.99999999999999
PC435,435,3.0549590427249347e-30,3.7346687563874506e-33,3.7346687563874507e-31,0.9999999999999999,99.99999999999999
PC436,436,3.0549590427249347e-30,3.7346687563874506e-33,3.7346687563874507e-31,0.9999999999999999,99.99999999999999
PC437,437,3.0549590427249347e-30,3.7346687563874506e-33,3.7346687563874507e-31,0.9999999999999999,99.99999999999999
PC438,438,3.0549590427249347e-30,3.7346687563874506e-33,3.7346687563874507e-31,0.9999999999999999,99.99999999999999
PC439,439,3.0549590427249347e-30,3.7346687563874506e-33,3.7346687563874507e-31,0.9999999999999999,99.99999999999999
PC440,440,3.0549590427249347e-30,3.7346687563874506e-33,3.7346687563874507e-31,0.9999999999999999,99.99999999999999
PC441,441,3.0549590427249347e-30,3.7346687563874506e-33,3.7346687563874507e-31,0.9999999999999999,99.99999999999999
PC442,442,3.0549590427249347e-30,3.7346687563874506e-33,3.7346687563874507e-31,0.9999999999999999,99.99999999999999
PC443,443,3.0549590427249347e-30,3.7346687563874506e-33,3.7346687563874507e-31,0.9999999999999999,99.99999999999999
PC444,444,3.0549590427249347e-30,3.7346687563874506e-33,3.7346687563874507e-31,0.9999999999999999,99.99999999999999
PC445,445,3.0549590427249347e-30,3.7346687563874506e-33,3.7346687563874507e-31,0.9999999999999999,99.99999999999999
PC446,446,3.0549590427249347e-30,3.7346687563874506e-33,3.7346687563874507e-31,0.9999999999999999,99.99999999999999
PC447,447,3.0549590427249347e-30,3.7346687563874506e-33,3.7346687563874507e-31,0.9999999999999999,99.99999999999999
PC448,448,3.0549590427249347e-30,3.7346687563874506e-33,3.7346687563874507e-31,0.9999999999999999,99.99999999999999
PC449,449,3.0549590427249347e-30,3.7346687563874506e-33,3.7346687563874507e-31,0.9999999999999999,99.99999999999999
PC450,450,3.0549590427249347e-30,3.7346687563874506e-33,3.7346687563874507e-31,0.9999999999999999,99.99999999999999
PC451,451,3.0549590427249347e-30,3.7346687563874506e-33,3.7346687563874507e-31,0.9999999999999999,99.99999999999999
PC452,452,3.0549590427249347e-30,3.7346687563874506e-33,3.7346687563874507e-31,0.9999999999999999,99.99999999999999
PC453,453,3.0549590427249347e-30,3.7346687563874506e-33,3.7346687563874507e-31,0.9999999999999999,99.99999999999999
PC454,454,3.0549590427249347e-30,3.7346687563874506e-33,3.7346687563874507e-31,0.9999999999999999,99.99999999999999
PC455,455,3.0549590427249347e-30,3.7346687563874506e-33,3.7346687563874507e-31,0.9999999999999999,99.99999999999999
PC456,456,3.0549590427249347e-30,3.7346687563874506e-33,3.7346687563874507e-31,0.9999999999999999,99.99999999999999
PC457,457,3.0549590427249347e-30,3.7346687563874506e-33,3.7346687563874507e-31,0.9999999999999999,99.99999999999999
PC458,458,3.0549590427249347e-30,3.7346687563874506e-33,3.7346687563874507e-31,0.9999999999999999,99.99999999999999
PC459,459,3.0549590427249347e-30,3.7346687563874506e-33,3.7346687563874507e-31,0.9999999999999999,99.99999999999999
PC460,460,3.0549590427249347e-30,3.7346687563874506e-33,3.7346687563874507e-31,0.9999999999999999,99.99999999999999
PC461,461,3.0549590427249347e-30,3.7346687563874506e-33,3.7346687563874507e-31,0.9999999999999999,99.99999999999999
PC462,462,3.0549590427249347e-30,3.7346687563874506e-33,3.7346687563874507e-31,0.9999999999999999,99.99999999999999
PC463,463,3.0549590427249347e-30,3.7346687563874506e-33,3.7346687563874507e-31,0.9999999999999999,99.99999999999999
PC464,464,3.0549590427249347e-30,3.7346687563874506e-33,3.7346687563874507e-31,0.9999999999999999,99.99999999999999
PC465,465,3.0549590427249347e-30,3.7346687563874506e-33,3.7346687563874507e-31,0.9999999999999999,99.99999999999999
PC466,466,3.0549590427249347e-30,3.7346687563874506e-33,3.7346687563874507e-31,0.9999999999999999,99.99999999999999
PC467,467,3.0549590427249347e-30,3.7346687563874506e-33,3.7346687563874507e-31,0.9999999999999999,99.99999999999999
PC468,468,3.0549590427249347e-30,3.7346687563874506e-33,3.7346687563874507e-31,0.9999999999999999,99.99999999999999
PC469,469,3.0549590427249347e-30,3.7346687563874506e-33,3.7346687563874507e-31,0.9999999999999999,99.99999999999999
PC470,470,3.0549590427249347e-30,3.7346687563874506e-33,3.7346687563874507e-31,0.9999999999999999,99.99999999999999
PC471,471,3.0549590427249347e-30,3.7346687563874506e-33,3.7346687563874507e-31,0.9999999999999999,99.99999999999999
PC472,472,3.0549590427249347e-30,3.7346687563874506e-33,3.7346687563874507e-31,0.9999999999999999,99.99999999999999
PC473,473,3.0549590427249347e-30,3.7346687563874506e-33,3.7346687563874507e-31,0.9999999999999999,99.99999999999999
PC474,474,3.0549590427249347e-30,3.7346687563874506e-33,3.7346687563874507e-31,0.9999999999999999,99.99999999999999
PC475,475,3.0549590427249347e-30,3.7346687563874506e-33,3.7346687563874507e-31,0.9999999999999999,99.99999999999999
PC476,476,3.0549590427249347e-30,3.7346687563874506e-33,3.7346687563874507e-31,0.9999999999999999,99.99999999999999
PC477,477,3.0549590427249347e-30,3.7346687563874506e-33,3.7346687563874507e-31,0.9999999999999999,99.99999999999999
PC478,478,3.0549590427249347e-30,3.7346687563874506e-33,3.7346687563874507e-31,0.9999999999999999,99.99999999999999
PC479,479,3.0549590427249347e-30,3.7346687563874506e-33,3.7346687563874507e-31,0.9999999999999999,99.99999999999999
PC480,480,3.0549590427249347e-30,3.7346687563874506e-33,3.7346687563874507e-31,0.9999999999999999,99.99999999999999
PC481,481,3.0549590427249347e-30,3.7346687563874506e-33,3.7346687563874507e-31,0.9999999999999999,99.99999999999999
PC482,482,3.0549590427249347e-30,3.7346687563874506e-33,3.7346687563874507e-31,0.9999999999999999,99.99999999999999
PC483,483,3.0549590427249347e-30,3.7346687563874506e-33,3.7346687563874507e-31,0.9999999999999999,99.99999999999999
PC484,484,3.0549590427249347e-30,3.7346687563874506e-33,3.7346687563874507e-31,0.9999999999999999,99.99999999999999
PC485,485,3.0549590427249347e-30,3.7346687563874506e-33,3.7346687563874507e-31,0.9999999999999999,99.99999999999999
PC486,486,3.0549590427249347e-30,3.7346687563874506e-33,3.7346687563874507e-31,0.9999999999999999,99.99999999999999
PC487,487,3.0549590427249347e-30,3.7346687563874506e-33,3.7346687563874507e-31,0.9999999999999999,99.99999999999999
PC488,488,3.0549590427249347e-30,3.7346687563874506e-33,3.7346687563874507e-31,0.9999999999999999,99.99999999999999
PC489,489,3.0549590427249347e-30,3.7346687563874506e-33,3.7346687563874507e-31,0.9999999999999999,99.99999999999999
PC490,490,3.0549590427249347e-30,3.7346687563874506e-33,3.7346687563874507e-31,0.9999999999999999,99.99999999999999
PC491,491,3.0549590427249347e-30,3.7346687563874506e-33,3.7346687563874507e-31,0.9999999999999999,99.99999999999999
PC492,492,3.0549590427249347e-30,3.7346687563874506e-33,3.7346687563874507e-31,0.9999999999999999,99.99999999999999
PC493,493,3.0549590427249347e-30,3.7346687563874506e-33,3.7346687563874507e-31,0.9999999999999999,99.99999999999999
PC494,494,3.0549590427249347e-30,3.7346687563874506e-33,3.7346687563874507e-31,0.9999999999999999,99.99999999999999
PC495,495,3.0549590427249347e-30,3.7346687563874506e-33,3.7346687563874507e-31,0.9999999999999999,99.99999999999999
PC496,496,3.0549590427249347e-30,3.7346687563874506e-33,3.7346687563874507e-31,0.9999999999999999,99.99999999999999
PC497,497,3.0549590427249347e-30,3.7346687563874506e-33,3.7346687563874507e-31,0.9999999999999999,99.99999999999999
PC498,498,3.0549590427249347e-30,3.7346687563874506e-33,3.7346687563874507e-31,0.9999999999999999,99.99999999999999
PC499,499,3.0549590427249347e-30,3.7346687563874506e-33,3.7346687563874507e-31,0.9999999999999999,99.99999999999999
PC500,500,3.0549590427249347e-30,3.7346687563874506e-33,3.7346687563874507e-31,0.9999999999999999,99.99999999999999
PC501,501,3.0549590427249347e-30,3.7346687563874506e-33,3.7346687563874507e-31,0.9999999999999999,99.99999999999999
PC502,502,3.0549590427249347e-30,3.7346687563874506e-33,3.7346687563874507e-31,0.9999999999999999,99.99999999999999
PC503,503,3.0549590427249347e-30,3.7346687563874506e-33,3.7346687563874507e-31,0.9999999999999999,99.99999999999999
PC504,504,3.0549590427249347e-30,3.7346687563874506e-33,3.7346687563874507e-31,0.9999999999999999,99.99999999999999
PC505,505,3.0549590427249347e-30,3.7346687563874506e-33,3.7346687563874507e-31,0.9999999999999999,99.99999999999999
PC506,506,3.0549590427249347e-30,3.7346687563874506e-33,3.7346687563874507e-31,0.9999999999999999,99.99999999999999
PC507,507,3.0549590427249347e-30,3.7346687563874506e-33,3.7346687563874507e-31,0.9999999999999999,99.99999999999999
PC508,508,3.0549590427249347e-30,3.7346687563874506e-33,3.7346687563874507e-31,0.9999999999999999,99.99999999999999
PC509,509,3.0549590427249347e-30,3.7346687563874506e-33,3.7346687563874507e-31,0.9999999999999999,99.99999999999999
PC510,510,3.0549590427249347e-30,3.7346687563874506e-33,3.7346687563874507e-31,0.9999999999999999,99.99999999999999
PC511,511,3.0549590427249347e-30,3.7346687563874506e-33,3.7346687563874507e-31,0.9999999999999999,99.99999999999999
PC512,512,3.0549590427249347e-30,3.7346687563874506e-33,3.7346687563874507e-31,0.9999999999999999,99.99999999999999
PC513,513,3.0549590427249347e-30,3.7346687563874506e-33,3.7346687563874507e-31,0.9999999999999999,99.99999999999999
PC514,514,3.0549590427249347e-30,3.7346687563874506e-33,3.7346687563874507e-31,0.9999999999999999,99.99999999999999
PC515,515,3.0549590427249347e-30,3.7346687563874506e-33,3.7346687563874507e-31,0.9999999999999999,99.99999999999999
PC516,516,3.0549590427249347e-30,3.7346687563874506e-33,3.7346687563874507e-31,0.9999999999999999,99.99999999999999
PC517,517,3.0549590427249347e-30,3.7346687563874506e-33,3.7346687563874507e-31,0.9999999999999999,99.99999999999999
PC518,518,3.0549590427249347e-30,3.7346687563874506e-33,3.7346687563874507e-31,0.9999999999999999,99.99999999999999
PC519,519,3.0549590427249347e-30,3.7346687563874506e-33,3.7346687563874507e-31,0.9999999999999999,99.99999999999999
PC520,520,3.0549590427249347e-30,3.7346687563874506e-33,3.7346687563874507e-31,0.9999999999999999,99.99999999999999
PC521,521,3.0549590427249347e-30,3.7346687563874506e-33,3.7346687563874507e-31,0.9999999999999999,99.99999999999999
PC522,522,3.0549590427249347e-30,3.7346687563874506e-33,3.7346687563874507e-31,0.9999999999999999,99.99999999999999
PC523,523,3.0549590427249347e-30,3.7346687563874506e-33,3.7346687563874507e-31,0.9999999999999999,99.99999999999999
PC524,524,3.0549590427249347e-30,3.7346687563874506e-33,3.7346687563874507e-31,0.9999999999999999,99.99999999999999
PC525,525,3.0549590427249347e-30,3.7346687563874506e-33,3.7346687563874507e-31,0.9999999999999999,99.99999999999999
PC526,526,3.0549590427249347e-30,3.7346687563874506e-33,3.7346687563874507e-31,0.9999999999999999,99.99999999999999
PC527,527,3.0549590427249347e-30,3.7346687563874506e-33,3.7346687563874507e-31,0.9999999999999999,99.99999999999999
PC528,528,3.0549590427249347e-30,3.7346687563874506e-33,3.7346687563874507e-31,0.9999999999999999,99.99999999999999
PC529,529,3.0549590427249347e-30,3.7346687563874506e-33,3.7346687563874507e-31,0.9999999999999999,99.99999999999999
PC530,530,3.0549590427249347e-30,3.7346687563874506e-33,3.7346687563874507e-31,0.9999999999999999,99.99999999999999
PC531,531,3.0549590427249347e-30,3.7346687563874506e-33,3.7346687563874507e-31,0.9999999999999999,99.99999999999999
PC532,532,3.0549590427249347e-30,3.7346687563874506e-33,3.7346687563874507e-31,0.9999999999999999,99.99999999999999
PC533,533,3.0549590427249347e-30,3.7346687563874506e-33,3.7346687563874507e-31,0.9999999999999999,99.99999999999999
PC534,534,3.0549590427249347e-30,3.7346687563874506e-33,3.7346687563874507e-31,0.9999999999999999,99.99999999999999
PC535,535,3.0549590427249347e-30,3.7346687563874506e-33,3.7346687563874507e-31,0.9999999999999999,99.99999999999999
PC536,536,3.0549590427249347e-30,3.7346687563874506e-33,3.7346687563874507e-31,0.9999999999999999,99.99999999999999
PC537,537,3.0549590427249347e-30,3.7346687563874506e-33,3.7346687563874507e-31,0.9999999999999999,99.99999999999999
PC538,538,3.0549590427249347e-30,3.7346687563874506e-33,3.7346687563874507e-31,0.9999999999999999,99.99999999999999
PC539,539,3.0549590427249347e-30,3.7346687563874506e-33,3.7346687563874507e-31,0.9999999999999999,99.99999999999999
PC540,540,3.0549590427249347e-30,3.7346687563874506e-33,3.7346687563874507e-31,0.9999999999999999,99.99999999999999
PC541,541,3.0549590427249347e-30,3.7346687563874506e-33,3.7346687563874507e-31,0.9999999999999999,99.99999999999999
PC542,542,3.0549590427249347e-30,3.7346687563874506e-33,3.7346687563874507e-31,0.9999999999999999,99.99999999999999
PC543,543,3.0549590427249347e-30,3.7346687563874506e-33,3.7346687563874507e-31,0.9999999999999999,99.99999999999999
PC544,544,3.0549590427249347e-30,3.7346687563874506e-33,3.7346687563874507e-31,0.9999999999999999,99.99999999999999
PC545,545,3.0549590427249347e-30,3.7346687563874506e-33,3.7346687563874507e-31,0.9999999999999999,99.99999999999999
PC546,546,3.0549590427249347e-30,3.7346687563874506e-33,3.7346687563874507e-31,0.9999999999999999,99.99999999999999
PC547,547,3.0549590427249347e-30,3.7346687563874506e-33,3.7346687563874507e-31,0.9999999999999999,99.99999999999999
PC548,548,3.0549590427249347e-30,3.7346687563874506e-33,3.7346687563874507e-31,0.9999999999999999,99.99999999999999
PC549,549,3.0549590427249347e-30,3.7346687563874506e-33,3.7346687563874507e-31,0.9999999999999999,99.99999999999999
PC550,550,3.0549590427249347e-30,3.7346687563874506e-33,3.7346687563874507e-31,0.9999999999999999,99.99999999999999
PC551,551,3.0549590427249347e-30,3.7346687563874506e-33,3.7346687563874507e-31,0.9999999999999999,99.99999999999999
PC552,552,3.0549590427249347e-30,3.7346687563874506e-33,3.7346687563874507e-31,0.9999999999999999,99.99999999999999
PC553,553,3.0549590427249347e-30,3.7346687563874506e-33,3.7346687563874507e-31,0.9999999999999999,99.99999999999999
PC554,554,3.0549590427249347e-30,3.7346687563874506e-33,3.7346687563874507e-31,0.9999999999999999,99.99999999999999
PC555,555,3.0549590427249347e-30,3.7346687563874506e-33,3.7346687563874507e-31,0.9999999999999999,99.99999999999999
PC556,556,3.0549590427249347e-30,3.7346687563874506e-33,3.7346687563874507e-31,0.9999999999999999,99.99999999999999
PC557,557,3.0549590427249347e-30,3.7346687563874506e-33,3.7346687563874507e-31,0.9999999999999999,99.99999999999999
PC558,558,3.0549590427249347e-30,3.7346687563874506e-33,3.7346687563874507e-31,0.9999999999999999,99.99999999999999
PC559,559,3.0549590427249347e-30,3.7346687563874506e-33,3.7346687563874507e-31,0.9999999999999999,99.99999999999999
PC560,560,3.0549590427249347e-30,3.7346687563874506e-33,3.7346687563874507e-31,0.9999999999999999,99.99999999999999
PC561,561,3.0549590427249347e-30,3.7346687563874506e-33,3.7346687563874507e-31,0.9999999999999999,99.99999999999999
PC562,562,3.0549590427249347e-30,3.7346687563874506e-33,3.7346687563874507e-31,0.9999999999999999,99.99999999999999
PC563,563,3.0549590427249347e-30,3.7346687563874506e-33,3.7346687563874507e-31,0.9999999999999999,99.99999999999999
PC564,564,3.0549590427249347e-30,3.7346687563874506e-33,3.7346687563874507e-31,0.9999999999999999,99.99999999999999
PC565,565,3.0549590427249347e-30,3.7346687563874506e-33,3.7346687563874507e-31,0.9999999999999999,99.99999999999999
PC566,566,3.0549590427249347e-30,3.7346687563874506e-33,3.7346687563874507e-31,0.9999999999999999,99.99999999999999
PC567,567,3.0549590427249347e-30,3.7346687563874506e-33,3.7346687563874507e-31,0.9999999999999999,99.99999999999999
PC568,568,3.0549590427249347e-30,3.7346687563874506e-33,3.7346687563874507e-31,0.9999999999999999,99.99999999999999
PC569,569,3.0549590427249347e-30,3.7346687563874506e-33,3.7346687563874507e-31,0.9999999999999999,99.99999999999999
PC570,570,3.0549590427249347e-30,3.7346687563874506e-33,3.7346687563874507e-31,0.9999999999999999,99.99999999999999
PC571,571,3.0549590427249347e-30,3.7346687563874506e-33,3.7346687563874507e-31,0.9999999999999999,99.99999999999999
PC572,572,3.0549590427249347e-30,3.7346687563874506e-33,3.7346687563874507e-31,0.9999999999999999,99.99999999999999
PC573,573,3.0549590427249347e-30,3.7346687563874506e-33,3.7346687563874507e-31,0.9999999999999999,99.99999999999999
PC574,574,3.0549590427249347e-30,3.7346687563874506e-33,3.7346687563874507e-31,0.9999999999999999,99.99999999999999
PC575,575,3.0549590427249347e-30,3.7346687563874506e-33,3.7346687563874507e-31,0.9999999999999999,99.99999999999999
PC576,576,3.0549590427249347e-30,3.7346687563874506e-33,3.7346687563874507e-31,0.9999999999999999,99.99999999999999
PC577,577,3.0549590427249347e-30,3.7346687563874506e-33,3.7346687563874507e-31,0.9999999999999999,99.99999999999999
PC578,578,3.0549590427249347e-30,3.7346687563874506e-33,3.7346687563874507e-31,0.9999999999999999,99.99999999999999
PC579,579,3.0549590427249347e-30,3.7346687563874506e-33,3.7346687563874507e-31,0.9999999999999999,99.99999999999999
PC580,580,3.0549590427249347e-30,3.7346687563874506e-33,3.7346687563874507e-31,0.9999999999999999,99.99999999999999
PC581,581,3.0549590427249347e-30,3.7346687563874506e-33,3.7346687563874507e-31,0.9999999999999999,99.99999999999999
PC582,582,3.0549590427249347e-30,3.7346687563874506e-33,3.7346687563874507e-31,0.9999999999999999,99.99999999999999
PC583,583,3.0549590427249347e-30,3.7346687563874506e-33,3.7346687563874507e-31,0.9999999999999999,99.99999999999999
PC584,584,3.0549590427249347e-30,3.7346687563874506e-33,3.7346687563874507e-31,0.9999999999999999,99.99999999999999
PC585,585,3.0549590427249347e-30,3.7346687563874506e-33,3.7346687563874507e-31,0.9999999999999999,99.99999999999999
PC586,586,3.0549590427249347e-30,3.7346687563874506e-33,3.7346687563874507e-31,0.9999999999999999,99.99999999999999
PC587,587,3.0549590427249347e-30,3.7346687563874506e-33,3.7346687563874507e-31,0.9999999999999999,99.99999999999999
PC588,588,3.0549590427249347e-30,3.7346687563874506e-33,3.7346687563874507e-31,0.9999999999999999,99.99999999999999
PC589,589,3.0549590427249347e-30,3.7346687563874506e-33,3.7346687563874507e-31,0.9999999999999999,99.99999999999999
PC590,590,3.0549590427249347e-30,3.7346687563874506e-33,3.7346687563874507e-31,0.9999999999999999,99.99999999999999
PC591,591,3.0549590427249347e-30,3.7346687563874506e-33,3.7346687563874507e-31,0.9999999999999999,99.99999999999999
PC592,592,3.0549590427249347e-30,3.7346687563874506e-33,3.7346687563874507e-31,0.9999999999999999,99.99999999999999
PC593,593,3.0549590427249347e-30,3.7346687563874506e-33,3.7346687563874507e-31,0.9999999999999999,99.99999999999999
PC594,594,3.0549590427249347e-30,3.7346687563874506e-33,3.7346687563874507e-31,0.9999999999999999,99.99999999999999
PC595,595,3.0549590427249347e-30,3.7346687563874506e-33,3.7346687563874507e-31,0.9999999999999999,99.99999999999999
PC596,596,3.0549590427249347e-30,3.7346687563874506e-33,3.7346687563874507e-31,0.9999999999999999,99.99999999999999
PC597,597,3.0549590427249347e-30,3.7346687563874506e-33,3.7346687563874507e-31,0.9999999999999999,99.99999999999999
PC598,598,3.0549590427249347e-30,3.7346687563874506e-33,3.7346687563874507e-31,0.9999999999999999,99.99999999999999
PC599,599,3.0549590427249347e-30,3.7346687563874506e-33,3.7346687563874507e-31,0.9999999999999999,99.99999999999999
PC600,600,3.0549590427249347e-30,3.7346687563874506e-33,3.7346687563874507e-31,0.9999999999999999,99.99999999999999
PC601,601,3.0549590427249347e-30,3.7346687563874506e-33,3.7346687563874507e-31,0.9999999999999999,99.99999999999999
PC602,602,3.0549590427249347e-30,3.7346687563874506e-33,3.7346687563874507e-31,0.9999999999999999,99.99999999999999
PC603,603,3.0549590427249347e-30,3.7346687563874506e-33,3.7346687563874507e-31,0.9999999999999999,99.99999999999999
PC604,604,3.0549590427249347e-30,3.7346687563874506e-33,3.7346687563874507e-31,0.9999999999999999,99.99999999999999
PC605,605,3.0549590427249347e-30,3.7346687563874506e-33,3.7346687563874507e-31,0.9999999999999999,99.99999999999999
PC606,606,3.0549590427249347e-30,3.7346687563874506e-33,3.7346687563874507e-31,0.9999999999999999,99.99999999999999
PC607,607,3.0549590427249347e-30,3.7346687563874506e-33,3.7346687563874507e-31,0.9999999999999999,99.99999999999999
PC608,608,3.0549590427249347e-30,3.7346687563874506e-33,3.7346687563874507e-31,0.9999999999999999,99.99999999999999
PC609,609,3.0549590427249347e-30,3.7346687563874506e-33,3.7346687563874507e-31,0.9999999999999999,99.99999999999999
PC610,610,3.0549590427249347e-30,3.7346687563874506e-33,3.7346687563874507e-31,0.9999999999999999,99.99999999999999
PC611,611,3.0549590427249347e-30,3.7346687563874506e-33,3.7346687563874507e-31,0.9999999999999999,99.99999999999999
PC612,612,3.0549590427249347e-30,3.7346687563874506e-33,3.7346687563874507e-31,0.9999999999999999,99.99999999999999
PC613,613,3.0549590427249347e-30,3.7346687563874506e-33,3.7346687563874507e-31,0.9999999999999999,99.99999999999999
PC614,614,3.0549590427249347e-30,3.7346687563874506e-33,3.7346687563874507e-31,0.9999999999999999,99.99999999999999
PC615,615,3.0549590427249347e-30,3.7346687563874506e-33,3.7346687563874507e-31,0.9999999999999999,99.99999999999999
PC616,616,3.0549590427249347e-30,3.7346687563874506e-33,3.7346687563874507e-31,0.9999999999999999,99.99999999999999
PC617,617,3.0549590427249347e-30,3.7346687563874506e-33,3.7346687563874507e-31,0.9999999999999999,99.99999999999999
PC618,618,3.0549590427249347e-30,3.7346687563874506e-33,3.7346687563874507e-31,0.9999999999999999,99.99999999999999
PC619,619,3.0549590427249347e-30,3.7346687563874506e-33,3.7346687563874507e-31,0.9999999999999999,99.99999999999999
PC620,620,3.0549590427249347e-30,3.7346687563874506e-33,3.7346687563874507e-31,0.9999999999999999,99.99999999999999
PC621,621,3.0549590427249347e-30,3.7346687563874506e-33,3.7346687563874507e-31,0.9999999999999999,99.99999999999999
PC622,622,3.0549590427249347e-30,3.7346687563874506e-33,3.7346687563874507e-31,0.9999999999999999,99.99999999999999
PC623,623,3.0549590427249347e-30,3.7346687563874506e-33,3.7346687563874507e-31,0.9999999999999999,99.99999999999999
PC624,624,3.0549590427249347e-30,3.7346687563874506e-33,3.7346687563874507e-31,0.9999999999999999,99.99999999999999
PC625,625,3.0549590427249347e-30,3.7346687563874506e-33,3.7346687563874507e-31,0.9999999999999999,99.99999999999999
PC626,626,3.0549590427249347e-30,3.7346687563874506e-33,3.7346687563874507e-31,0.9999999999999999,99.99999999999999
PC627,627,3.0549590427249347e-30,3.7346687563874506e-33,3.7346687563874507e-31,0.9999999999999999,99.99999999999999
PC628,628,3.0549590427249347e-30,3.7346687563874506e-33,3.7346687563874507e-31,0.9999999999999999,99.99999999999999
PC629,629,3.0549590427249347e-30,3.7346687563874506e-33,3.7346687563874507e-31,0.9999999999999999,99.99999999999999
PC630,630,3.0549590427249347e-30,3.7346687563874506e-33,3.7346687563874507e-31,0.9999999999999999,99.99999999999999
PC631,631,3.0549590427249347e-30,3.7346687563874506e-33,3.7346687563874507e-31,0.9999999999999999,99.99999999999999
PC632,632,3.0549590427249347e-30,3.7346687563874506e-33,3.7346687563874507e-31,0.9999999999999999,99.99999999999999
PC633,633,3.0549590427249347e-30,3.7346687563874506e-33,3.7346687563874507e-31,0.9999999999999999,99.99999999999999
PC634,634,3.0549590427249347e-30,3.7346687563874506e-33,3.7346687563874507e-31,0.9999999999999999,99.99999999999999
PC635,635,3.0549590427249347e-30,3.7346687563874506e-33,3.7346687563874507e-31,0.9999999999999999,99.99999999999999
PC636,636,3.0549590427249347e-30,3.7346687563874506e-33,3.7346687563874507e-31,0.9999999999999999,99.99999999999999
PC637,637,3.0549590427249347e-30,3.7346687563874506e-33,3.7346687563874507e-31,0.9999999999999999,99.99999999999999
PC638,638,3.0549590427249347e-30,3.7346687563874506e-33,3.7346687563874507e-31,0.9999999999999999,99.99999999999999
PC639,639,3.0549590427249347e-30,3.7346687563874506e-33,3.7346687563874507e-31,0.9999999999999999,99.99999999999999
PC640,640,3.0549590427249347e-30,3.7346687563874506e-33,3.7346687563874507e-31,0.9999999999999999,99.99999999999999
PC641,641,3.0549590427249347e-30,3.7346687563874506e-33,3.7346687563874507e-31,0.9999999999999999,99.99999999999999
PC642,642,3.0549590427249347e-30,3.7346687563874506e-33,3.7346687563874507e-31,0.9999999999999999,99.99999999999999
PC643,643,3.0549590427249347e-30,3.7346687563874506e-33,3.7346687563874507e-31,0.9999999999999999,99.99999999999999
PC644,644,3.0549590427249347e-30,3.7346687563874506e-33,3.7346687563874507e-31,0.9999999999999999,99.99999999999999
PC645,645,3.0549590427249347e-30,3.7346687563874506e-33,3.7346687563874507e-31,0.9999999999999999,99.99999999999999
PC646,646,3.0549590427249347e-30,3.7346687563874506e-33,3.7346687563874507e-31,0.9999999999999999,99.99999999999999
PC647,647,3.0549590427249347e-30,3.7346687563874506e-33,3.7346687563874507e-31,0.9999999999999999,99.99999999999999
PC648,648,3.0549590427249347e-30,3.7346687563874506e-33,3.7346687563874507e-31,0.9999999999999999,99.99999999999999
PC649,649,3.0549590427249347e-30,3.7346687563874506e-33,3.7346687563874507e-31,0.9999999999999999,99.99999999999999
PC650,650,3.0549590427249347e-30,3.7346687563874506e-33,3.7346687563874507e-31,0.9999999999999999,99.99999999999999
PC651,651,3.0549590427249347e-30,3.7346687563874506e-33,3.7346687563874507e-31,0.9999999999999999,99.99999999999999
PC652,652,3.0549590427249347e-30,3.7346687563874506e-33,3.7346687563874507e-31,0.9999999999999999,99.99999999999999
PC653,653,3.0549590427249347e-30,3.7346687563874506e-33,3.7346687563874507e-31,0.9999999999999999,99.99999999999999
PC654,654,3.0549590427249347e-30,3.7346687563874506e-33,3.7346687563874507e-31,0.9999999999999999,99.99999999999999
PC655,655,3.0549590427249347e-30,3.7346687563874506e-33,3.7346687563874507e-31,0.9999999999999999,99.99999999999999
PC656,656,3.0549590427249347e-30,3.7346687563874506e-33,3.7346687563874507e-31,0.9999999999999999,99.99999999999999
PC657,657,3.0549590427249347e-30,3.7346687563874506e-33,3.7346687563874507e-31,0.9999999999999999,99.99999999999999
PC658,658,3.0549590427249347e-30,3.7346687563874506e-33,3.7346687563874507e-31,0.9999999999999999,99.99999999999999
PC659,659,3.0549590427249347e-30,3.7346687563874506e-33,3.7346687563874507e-31,0.9999999999999999,99.99999999999999
PC660,660,3.0549590427249347e-30,3.7346687563874506e-33,3.7346687563874507e-31,0.9999999999999999,99.99999999999999
PC661,661,3.0549590427249347e-30,3.7346687563874506e-33,3.7346687563874507e-31,0.9999999999999999,99.99999999999999
PC662,662,3.0549590427249347e-30,3.7346687563874506e-33,3.7346687563874507e-31,0.9999999999999999,99.99999999999999
PC663,663,3.0549590427249347e-30,3.7346687563874506e-33,3.7346687563874507e-31,0.9999999999999999,99.99999999999999
PC664,664,3.0549590427249347e-30,3.7346687563874506e-33,3.7346687563874507e-31,0.9999999999999999,99.99999999999999
PC665,665,3.0549590427249347e-30,3.7346687563874506e-33,3.7346687563874507e-31,0.9999999999999999,99.99999999999999
PC666,666,3.0549590427249347e-30,3.7346687563874506e-33,3.7346687563874507e-31,0.9999999999999999,99.99999999999999
PC667,667,3.0549590427249347e-30,3.7346687563874506e-33,3.7346687563874507e-31,0.9999999999999999,99.99999999999999
PC668,668,3.0549590427249347e-30,3.7346687563874506e-33,3.7346687563874507e-31,0.9999999999999999,99.99999999999999
PC669,669,3.0549590427249347e-30,3.7346687563874506e-33,3.7346687563874507e-31,0.9999999999999999,99.99999999999999
PC670,670,3.0549590427249347e-30,3.7346687563874506e-33,3.7346687563874507e-31,0.9999999999999999,99.99999999999999
PC671,671,3.0549590427249347e-30,3.7346687563874506e-33,3.7346687563874507e-31,0.9999999999999999,99.99999999999999
PC672,672,3.0549590427249347e-30,3.7346687563874506e-33,3.7346687563874507e-31,0.9999999999999999,99.99999999999999
PC673,673,3.0549590427249347e-30,3.7346687563874506e-33,3.7346687563874507e-31,0.9999999999999999,99.99999999999999
PC674,674,3.0549590427249347e-30,3.7346687563874506e-33,3.7346687563874507e-31,0.9999999999999999,99.99999999999999
PC675,675,3.0549590427249347e-30,3.7346687563874506e-33,3.7346687563874507e-31,0.9999999999999999,99.99999999999999
PC676,676,3.0549590427249347e-30,3.7346687563874506e-33,3.7346687563874507e-31,0.9999999999999999,99.99999999999999
PC677,677,3.0549590427249347e-30,3.7346687563874506e-33,3.7346687563874507e-31,0.9999999999999999,99.99999999999999
PC678,678,3.0549590427249347e-30,3.7346687563874506e-33,3.7346687563874507e-31,0.9999999999999999,99.99999999999999
PC679,679,3.0549590427249347e-30,3.7346687563874506e-33,3.7346687563874507e-31,0.9999999999999999,99.99999999999999
PC680,680,3.0549590427249347e-30,3.7346687563874506e-33,3.7346687563874507e-31,0.9999999999999999,99.99999999999999
PC681,681,3.0549590427249347e-30,3.7346687563874506e-33,3.7346687563874507e-31,0.9999999999999999,99.99999999999999
PC682,682,3.0549590427249347e-30,3.7346687563874506e-33,3.7346687563874507e-31,0.9999999999999999,99.99999999999999
PC683,683,3.0549590427249347e-30,3.7346687563874506e-33,3.7346687563874507e-31,0.9999999999999999,99.99999999999999
PC684,684,3.0549590427249347e-30,3.7346687563874506e-33,3.7346687563874507e-31,0.9999999999999999,99.99999999999999
PC685,685,3.0549590427249347e-30,3.7346687563874506e-33,3.7346687563874507e-31,0.9999999999999999,99.99999999999999
PC686,686,3.0549590427249347e-30,3.7346687563874506e-33,3.7346687563874507e-31,0.9999999999999999,99.99999999999999
PC687,687,3.0549590427249347e-30,3.7346687563874506e-33,3.7346687563874507e-31,0.9999999999999999,99.99999999999999
PC688,688,3.0549590427249347e-30,3.7346687563874506e-33,3.7346687563874507e-31,0.9999999999999999,99.99999999999999
PC689,689,3.0549590427249347e-30,3.7346687563874506e-33,3.7346687563874507e-31,0.9999999999999999,99.99999999999999
PC690,690,3.0549590427249347e-30,3.7346687563874506e-33,3.7346687563874507e-31,0.9999999999999999,99.99999999999999
PC691,691,3.0549590427249347e-30,3.7346687563874506e-33,3.7346687563874507e-31,0.9999999999999999,99.99999999999999
PC692,692,3.0549590427249347e-30,3.7346687563874506e-33,3.7346687563874507e-31,0.9999999999999999,99.99999999999999
PC693,693,3.0549590427249347e-30,3.7346687563874506e-33,3.7346687563874507e-31,0.9999999999999999,99.99999999999999
PC694,694,3.0549590427249347e-30,3.7346687563874506e-33,3.7346687563874507e-31,0.9999999999999999,99.99999999999999
PC695,695,3.0549590427249347e-30,3.7346687563874506e-33,3.7346687563874507e-31,0.9999999999999999,99.99999999999999
PC696,696,3.0549590427249347e-30,3.7346687563874506e-33,3.7346687563874507e-31,0.9999999999999999,99.99999999999999
PC697,697,3.0549590427249347e-30,3.7346687563874506e-33,3.7346687563874507e-31,0.9999999999999999,99.99999999999999
PC698,698,3.0549590427249347e-30,3.7346687563874506e-33,3.7346687563874507e-31,0.9999999999999999,99.99999999999999
PC699,699,3.0549590427249347e-30,3.7346687563874506e-33,3.7346687563874507e-31,0.9999999999999999,99.99999999999999
PC700,700,3.0549590427249347e-30,3.7346687563874506e-33,3.7346687563874507e-31,0.9999999999999999,99.99999999999999
PC701,701,3.0549590427249347e-30,3.7346687563874506e-33,3.7346687563874507e-31,0.9999999999999999,99.99999999999999
PC702,702,3.0549590427249347e-30,3.7346687563874506e-33,3.7346687563874507e-31,0.9999999999999999,99.99999999999999
PC703,703,3.0549590427249347e-30,3.7346687563874506e-33,3.7346687563874507e-31,0.9999999999999999,99.99999999999999
PC704,704,3.0549590427249347e-30,3.7346687563874506e-33,3.7346687563874507e-31,0.9999999999999999,99.99999999999999
PC705,705,3.0549590427249347e-30,3.7346687563874506e-33,3.7346687563874507e-31,0.9999999999999999,99.99999999999999
PC706,706,3.0549590427249347e-30,3.7346687563874506e-33,3.7346687563874507e-31,0.9999999999999999,99.99999999999999
PC707,707,3.0549590427249347e-30,3.7346687563874506e-33,3.7346687563874507e-31,0.9999999999999999,99.99999999999999
PC708,708,3.0549590427249347e-30,3.7346687563874506e-33,3.7346687563874507e-31,0.9999999999999999,99.99999999999999
PC709,709,3.0549590427249347e-30,3.7346687563874506e-33,3.7346687563874507e-31,0.9999999999999999,99.99999999999999
PC710,710,3.0549590427249347e-30,3.7346687563874506e-33,3.7346687563874507e-31,0.9999999999999999,99.99999999999999
PC711,711,3.0549590427249347e-30,3.7346687563874506e-33,3.7346687563874507e-31,0.9999999999999999,99.99999999999999
PC712,712,3.0549590427249347e-30,3.7346687563874506e-33,3.7346687563874507e-31,0.9999999999999999,99.99999999999999
PC713,713,3.0549590427249347e-30,3.7346687563874506e-33,3.7346687563874507e-31,0.9999999999999999,99.99999999999999
PC714,714,3.0549590427249347e-30,3.7346687563874506e-33,3.7346687563874507e-31,0.9999999999999999,99.99999999999999
PC715,715,3.0549590427249347e-30,3.7346687563874506e-33,3.7346687563874507e-31,0.9999999999999999,99.99999999999999
PC716,716,3.0549590427249347e-30,3.7346687563874506e-33,3.7346687563874507e-31,0.9999999999999999,99.99999999999999
PC717,717,3.0549590427249347e-30,3.7346687563874506e-33,3.7346687563874507e-31,0.9999999999999999,99.99999999999999
PC718,718,3.0549590427249347e-30,3.7346687563874506e-33,3.7346687563874507e-31,0.9999999999999999,99.99999999999999
PC719,719,3.0549590427249347e-30,3.7346687563874506e-33,3.7346687563874507e-31,0.9999999999999999,99.99999999999999
PC720,720,3.0549590427249347e-30,3.7346687563874506e-33,3.7346687563874507e-31,0.9999999999999999,99.99999999999999
PC721,721,3.0549590427249347e-30,3.7346687563874506e-33,3.7346687563874507e-31,0.9999999999999999,99.99999999999999
PC722,722,3.0549590427249347e-30,3.7346687563874506e-33,3.7346687563874507e-31,0.9999999999999999,99.99999999999999
PC723,723,3.0549590427249347e-30,3.7346687563874506e-33,3.7346687563874507e-31,0.9999999999999999,99.99999999999999
PC724,724,3.0549590427249347e-30,3.7346687563874506e-33,3.7346687563874507e-31,0.9999999999999999,99.99999999999999
PC725,725,3.0549590427249347e-30,3.7346687563874506e-33,3.7346687563874507e-31,0.9999999999999999,99.99999999999999
PC726,726,3.0549590427249347e-30,3.7346687563874506e-33,3.7346687563874507e-31,0.9999999999999999,99.99999999999999
PC727,727,3.0549590427249347e-30,3.7346687563874506e-33,3.7346687563874507e-31,0.9999999999999999,99.99999999999999
PC728,728,3.0549590427249347e-30,3.7346687563874506e-33,3.7346687563874507e-31,0.9999999999999999,99.99999999999999
PC729,729,3.0549590427249347e-30,3.7346687563874506e-33,3.7346687563874507e-31,0.9999999999999999,99.99999999999999
PC730,730,3.0549590427249347e-30,3.7346687563874506e-33,3.7346687563874507e-31,0.9999999999999999,99.99999999999999
PC731,731,3.0549590427249347e-30,3.7346687563874506e-33,3.7346687563874507e-31,0.9999999999999999,99.99999999999999
PC732,732,3.0549590427249347e-30,3.7346687563874506e-33,3.7346687563874507e-31,0.9999999999999999,99.99999999999999
PC733,733,3.0549590427249347e-30,3.7346687563874506e-33,3.7346687563874507e-31,0.9999999999999999,99.99999999999999
PC734,734,3.0549590427249347e-30,3.7346687563874506e-33,3.7346687563874507e-31,0.9999999999999999,99.99999999999999
PC735,735,3.0549590427249347e-30,3.7346687563874506e-33,3.7346687563874507e-31,0.9999999999999999,99.99999999999999
PC736,736,3.0549590427249347e-30,3.7346687563874506e-33,3.7346687563874507e-31,0.9999999999999999,99.99999999999999
PC737,737,3.0549590427249347e-30,3.7346687563874506e-33,3.7346687563874507e-31,0.9999999999999999,99.99999999999999
PC738,738,3.0549590427249347e-30,3.7346687563874506e-33,3.7346687563874507e-31,0.9999999999999999,99.99999999999999
PC739,739,3.0549590427249347e-30,3.7346687563874506e-33,3.7346687563874507e-31,0.9999999999999999,99.99999999999999
PC740,740,3.0549590427249347e-30,3.7346687563874506e-33,3.7346687563874507e-31,0.9999999999999999,99.99999999999999
PC741,741,3.0549590427249347e-30,3.7346687563874506e-33,3.7346687563874507e-31,0.9999999999999999,99.99999999999999
PC742,742,3.0549590427249347e-30,3.7346687563874506e-33,3.7346687563874507e-31,0.9999999999999999,99.99999999999999
PC743,743,3.0549590427249347e-30,3.7346687563874506e-33,3.7346687563874507e-31,0.9999999999999999,99.99999999999999
PC744,744,3.0549590427249347e-30,3.7346687563874506e-33,3.7346687563874507e-31,0.9999999999999999,99.99999999999999
PC745,745,3.0549590427249347e-30,3.7346687563874506e-33,3.7346687563874507e-31,0.9999999999999999,99.99999999999999
PC746,746,3.0549590427249347e-30,3.7346687563874506e-33,3.7346687563874507e-31,0.9999999999999999,99.99999999999999
PC747,747,3.0549590427249347e-30,3.7346687563874506e-33,3.7346687563874507e-31,0.9999999999999999,99.99999999999999
PC748,748,3.0549590427249347e-30,3.7346687563874506e-33,3.7346687563874507e-31,0.9999999999999999,99.99999999999999
PC749,749,3.0549590427249347e-30,3.7346687563874506e-33,3.7346687563874507e-31,0.9999999999999999,99.99999999999999
PC750,750,3.0549590427249347e-30,3.7346687563874506e-33,3.7346687563874507e-31,0.9999999999999999,99.99999999999999
PC751,751,3.0549590427249347e-30,3.7346687563874506e-33,3.7346687563874507e-31,0.9999999999999999,99.99999999999999
PC752,752,3.0549590427249347e-30,3.7346687563874506e-33,3.7346687563874507e-31,0.9999999999999999,99.99999999999999
PC753,753,3.0549590427249347e-30,3.7346687563874506e-33,3.7346687563874507e-31,0.9999999999999999,99.99999999999999
PC754,754,3.0549590427249347e-30,3.7346687563874506e-33,3.7346687563874507e-31,0.9999999999999999,99.99999999999999
PC755,755,3.0549590427249347e-30,3.7346687563874506e-33,3.7346687563874507e-31,0.9999999999999999,99.99999999999999
PC756,756,3.0549590427249347e-30,3.7346687563874506e-33,3.7346687563874507e-31,0.9999999999999999,99.99999999999999
PC757,757,3.0549590427249347e-30,3.7346687563874506e-33,3.7346687563874507e-31,0.9999999999999999,99.99999999999999
PC758,758,3.0549590427249347e-30,3.7346687563874506e-33,3.7346687563874507e-31,0.9999999999999999,99.99999999999999
PC759,759,3.0549590427249347e-30,3.7346687563874506e-33,3.7346687563874507e-31,0.9999999999999999,99.99999999999999
PC760,760,3.0549590427249347e-30,3.7346687563874506e-33,3.7346687563874507e-31,0.9999999999999999,99.99999999999999
PC761,761,3.0549590427249347e-30,3.7346687563874506e-33,3.7346687563874507e-31,0.9999999999999999,99.99999999999999
PC762,762,3.0549590427249347e-30,3.7346687563874506e-33,3.7346687563874507e-31,0.9999999999999999,99.99999999999999
PC763,763,3.0549590427249347e-30,3.7346687563874506e-33,3.7346687563874507e-31,0.9999999999999999,99.99999999999999
PC764,764,3.0549590427249347e-30,3.7346687563874506e-33,3.7346687563874507e-31,0.9999999999999999,99.99999999999999
PC765,765,3.0549590427249347e-30,3.7346687563874506e-33,3.7346687563874507e-31,0.9999999999999999,99.99999999999999
PC766,766,3.0549590427249347e-30,3.7346687563874506e-33,3.7346687563874507e-31,0.9999999999999999,99.99999999999999
PC767,767,3.0549590427249347e-30,3.7346687563874506e-33,3.7346687563874507e-31,0.9999999999999999,99.99999999999999
PC768,768,3.0549590427249347e-30,3.7346687563874506e-33,3.7346687563874507e-31,0.9999999999999999,99.99999999999999
PC769,769,3.0549590427249347e-30,3.7346687563874506e-33,3.7346687563874507e-31,0.9999999999999999,99.99999999999999
PC770,770,3.0549590427249347e-30,3.7346687563874506e-33,3.7346687563874507e-31,0.9999999999999999,99.99999999999999
PC771,771,3.0549590427249347e-30,3.7346687563874506e-33,3.7346687563874507e-31,0.9999999999999999,99.99999999999999
PC772,772,3.0549590427249347e-30,3.7346687563874506e-33,3.7346687563874507e-31,0.9999999999999999,99.99999999999999
PC773,773,3.0549590427249347e-30,3.7346687563874506e-33,3.7346687563874507e-31,0.9999999999999999,99.99999999999999
PC774,774,3.0549590427249347e-30,3.7346687563874506e-33,3.7346687563874507e-31,0.9999999999999999,99.99999999999999
PC775,775,3.0549590427249347e-30,3.7346687563874506e-33,3.7346687563874507e-31,0.9999999999999999,99.99999999999999
PC776,776,3.0549590427249347e-30,3.7346687563874506e-33,3.7346687563874507e-31,0.9999999999999999,99.99999999999999
PC777,777,3.0549590427249347e-30,3.7346687563874506e-33,3.7346687563874507e-31,0.9999999999999999,99.99999999999999
PC778,778,3.0549590427249347e-30,3.7346687563874506e-33,3.7346687563874507e-31,0.9999999999999999,99.99999999999999
PC779,779,3.0549590427249347e-30,3.7346687563874506e-33,3.7346687563874507e-31,0.9999999999999999,99.99999999999999
PC780,780,3.0549590427249347e-30,3.7346687563874506e-33,3.7346687563874507e-31,0.9999999999999999,99.99999999999999
PC781,781,3.0549590427249347e-30,3.7346687563874506e-33,3.7346687563874507e-31,0.9999999999999999,99.99999999999999
PC782,782,3.0549590427249347e-30,3.7346687563874506e-33,3.7346687563874507e-31,0.9999999999999999,99.99999999999999
PC783,783,3.0549590427249347e-30,3.7346687563874506e-33,3.7346687563874507e-31,0.9999999999999999,99.99999999999999
PC784,784,3.0549590427249347e-30,3.7346687563874506e-33,3.7346687563874507e-31,0.9999999999999999,99.99999999999999
PC785,785,3.0549590427249347e-30,3.7346687563874506e-33,3.7346687563874507e-31,0.9999999999999999,99.99999999999999
PC786,786,3.0549590427249347e-30,3.7346687563874506e-33,3.7346687563874507e-31,0.9999999999999999,99.99999999999999
PC787,787,3.0549590427249347e-30,3.7346687563874506e-33,3.7346687563874507e-31,0.9999999999999999,99.99999999999999
PC788,788,3.0549590427249347e-30,3.7346687563874506e-33,3.7346687563874507e-31,0.9999999999999999,99.99999999999999
PC789,789,3.0549590427249347e-30,3.7346687563874506e-33,3.7346687563874507e-31,0.9999999999999999,99.99999999999999
PC790,790,3.0549590427249347e-30,3.7346687563874506e-33,3.7346687563874507e-31,0.9999999999999999,99.99999999999999
PC791,791,3.0549590427249347e-30,3.7346687563874506e-33,3.7346687563874507e-31,0.9999999999999999,99.99999999999999
PC792,792,3.0549590427249347e-30,3.7346687563874506e-33,3.7346687563874507e-31,0.9999999999999999,99.99999999999999
PC793,793,3.0549590427249347e-30,3.7346687563874506e-33,3.7346687563874507e-31,0.9999999999999999,99.99999999999999
PC794,794,3.0549590427249347e-30,3.7346687563874506e-33,3.7346687563874507e-31,0.9999999999999999,99.99999999999999
PC795,795,3.0549590427249347e-30,3.7346687563874506e-33,3.7346687563874507e-31,0.9999999999999999,99.99999999999999
PC796,796,3.0549590427249347e-30,3.7346687563874506e-33,3.7346687563874507e-31,0.9999999999999999,99.99999999999999
PC797,797,3.0549590427249347e-30,3.7346687563874506e-33,3.7346687563874507e-31,0.9999999999999999,99.99999999999999
PC798,798,3.0549590427249347e-30,3.7346687563874506e-33,3.7346687563874507e-31,0.9999999999999999,99.99999999999999
PC799,799,3.0549590427249347e-30,3.7346687563874506e-33,3.7346687563874507e-31,0.9999999999999999,99.99999999999999
PC800,800,3.0549590427249347e-30,3.7346687563874506e-33,3.7346687563874507e-31,0.9999999999999999,99.99999999999999
PC801,801,3.0549590427249347e-30,3.7346687563874506e-33,3.7346687563874507e-31,0.9999999999999999,99.99999999999999
PC802,802,3.0549590427249347e-30,3.7346687563874506e-33,3.7346687563874507e-31,0.9999999999999999,99.99999999999999
PC803,803,3.0549590427249347e-30,3.7346687563874506e-33,3.7346687563874507e-31,0.9999999999999999,99.99999999999999
PC804,804,3.0549590427249347e-30,3.7346687563874506e-33,3.7346687563874507e-31,0.9999999999999999,99.99999999999999
PC805,805,3.0549590427249347e-30,3.7346687563874506e-33,3.7346687563874507e-31,0.9999999999999999,99.99999999999999
PC806,806,3.0549590427249347e-30,3.7346687563874506e-33,3.7346687563874507e-31,0.9999999999999999,99.99999999999999
PC807,807,3.0549590427249347e-30,3.7346687563874506e-33,3.7346687563874507e-31,0.9999999999999999,99.99999999999999
PC808,808,3.0549590427249347e-30,3.7346687563874506e-33,3.7346687563874507e-31,0.9999999999999999,99.99999999999999
PC809,809,3.0549590427249347e-30,3.7346687563874506e-33,3.7346687563874507e-31,0.9999999999999999,99.99999999999999
PC810,810,3.0549590427249347e-30,3.7346687563874506e-33,3.7346687563874507e-31,0.9999999999999999,99.99999999999999
PC811,811,3.0549590427249347e-30,3.7346687563874506e-33,3.7346687563874507e-31,0.9999999999999999,99.99999999999999
PC812,812,3.0549590427249347e-30,3.7346687563874506e-33,3.7346687563874507e-31,0.9999999999999999,99.99999999999999
PC813,813,3.0549590427249347e-30,3.7346687563874506e-33,3.7346687563874507e-31,0.9999999999999999,99.99999999999999
PC814,814,2.57434436267826e-30,3.147120247772934e-33,3.1471202477729344e-31,0.9999999999999999,99.99999999999999
PC815,815,1.3000034919151249e-30,1.589246322634627e-33,1.589246322634627e-31,0.9999999999999999,99.99999999999999
PC816,816,1.188132069662675e-30,1.4524841927416565e-33,1.4524841927416564e-31,0.9999999999999999,99.99999999999999
PC817,817,4.978633183956769e-31,6.086348635643971e-34,6.086348635643971e-32,0.9999999999999999,99.99999999999999
PC818,818,5.809793979433834e-32,7.102437627669724e-35,7.102437627669724e-33,0.9999999999999999,99.99999999999999
